"time","Austria","Belgium","Croatia","Czechia","Denmark","France","Germany","Hungary","Iceland","Ireland","Italy","Luxembourg","Netherlands","Poland","Portugal","Romania","Slovakia","Slovenia","Spain","Sweden","United Kingdom"
"2009_15",NA,NA,NA,NA,NA,NA,0,NA,NA,NA,0,NA,NA,0,NA,0,NA,0,NA,NA,0.0384615384615385
"2009_16",NA,NA,0,0,NA,NA,0,0,NA,0,0,0,0,NA,NA,0.0909090909090909,0,0,0,NA,0.037037037037037
"2009_17",NA,NA,0,0,0,NA,0,0,NA,0,0,0,NA,0,NA,0.0909090909090909,0,0,0,NA,0
"2009_18",NA,NA,0,NA,0.0194931773879142,NA,0.0740740740740741,0,NA,0,0,0,0,0,NA,0,NA,0.0285714285714286,0.0816326530612245,NA,0.0718232044198895
"2009_19",NA,NA,0,0,NA,NA,0.0909090909090909,0,NA,0.0434782608695652,0,0.166666666666667,0,0,NA,0.0487804878048781,0.1,0,0,NA,0.0212765957446809
"2009_20",NA,NA,0,NA,0,NA,0.0833333333333333,0,NA,0.0306122448979592,NA,0.285714285714286,0,0,NA,0,NA,0,0,NA,0.0551724137931034
"2009_21",NA,NA,0,0,0,NA,0.0714285714285714,0,NA,0,0,0,0,0.0285714285714286,NA,0,NA,0,0,NA,0.053166897827092
"2009_22",NA,NA,0,0,0,NA,0.111111111111111,0,NA,0,0,0,0,0,NA,0.032258064516129,0,0,0,NA,0.0186011904761905
"2009_23",NA,NA,0,0,0.0337078651685393,NA,NA,0.0166666666666667,NA,0,0,0,0.0357142857142857,0.0476190476190476,NA,0.142857142857143,0,0,0,NA,0.0157706093189964
"2009_24",NA,NA,0.0416666666666667,NA,0.00892857142857143,NA,NA,NA,NA,0.036697247706422,0.0384615384615385,0,0,0,NA,0.0625,NA,0,0,NA,0.0245614035087719
"2009_25",NA,0.0300925925925926,0,NA,0,NA,NA,0,NA,0.031055900621118,0.04,0,0,0,NA,0,0,NA,0.0153846153846154,NA,0.036036036036036
"2009_26",NA,0.0294117647058824,0,NA,0,NA,NA,0,NA,0.012987012987013,0,0,0,0,NA,0,0,0.027027027027027,0,0.052734375,0.032
"2009_27",NA,0.0436708860759494,0,NA,0,NA,0.032258064516129,0,NA,0.00352112676056338,0.0157828282828283,0,0,0,NA,0.00740740740740741,0,0,0.0126582278481013,NA,0.0170454545454545
"2009_28",NA,0.0327742729650716,0,NA,0,NA,NA,0,NA,0.00762683009874021,0,0,0,0,NA,NA,0,NA,0.119402985074627,0.00313977541371158,NA
"2009_29",NA,NA,0,NA,NA,NA,NA,0,NA,0.00317460317460317,0.0061259060825717,0,0,0,NA,0,0,0.00591715976331361,NA,0,NA
"2009_30",NA,NA,0,NA,0,NA,NA,0,NA,0.00117096018735363,0.00122328648146109,0,0,0,NA,0,0,NA,NA,0.00129275582333128,0.00684931506849315
"2009_31",NA,NA,0,NA,0.00170648464163823,NA,NA,0,NA,0,0.00214970513623036,0,0,0,NA,0,0,NA,NA,0,0
"2009_32",NA,NA,0,NA,NA,NA,0.00892857142857143,0,NA,0,0,0,0,0,NA,0,0,NA,NA,0,0
"2009_33",NA,NA,0,NA,0.00329489291598023,NA,0,NA,NA,0.00152439024390244,0,0,0.0342857142857143,0,NA,0,0,NA,NA,0,0.00578034682080925
"2009_34",NA,0.010233918128655,0,NA,0.00314465408805031,NA,0,0,NA,0,0.00664767331433998,0,0,0,NA,0,0,NA,NA,0,0
"2009_35",NA,NA,0.0204081632653061,NA,0.00360275689223058,NA,0.0169491525423729,0,NA,0,0,0,0,0,NA,0,0,NA,NA,0.000729114552428378,0.00395256916996047
"2009_36",NA,NA,0,NA,0.00517241379310345,NA,0.0232558139534884,0,NA,0,0,0,0,0,NA,0,0.0434782608695652,NA,NA,0.000366302805879493,0
"2009_37",NA,NA,0,0,0,NA,0,0,NA,0,0,0,0,0,NA,0,0,NA,NA,0,0.0132450331125828
"2009_38",NA,NA,0,NA,0,NA,0,0,NA,0,0,0,0,0,NA,0,0,NA,0,0,0.00403225806451613
"2009_39",NA,NA,0,0,0.00668896321070234,NA,0,0,NA,0,0,0,0,0,NA,0,0,NA,0.00602586713697825,0.000755746824813687,0.0065359477124183
"2009_40",NA,NA,0,0,0,NA,0,0,NA,0,0,0,0,NA,NA,0.0235294117647059,0,0,0,0,0.00694444444444444
"2009_41",NA,NA,0,NA,0.00462962962962963,NA,0,0,NA,0,0,0,0,0,NA,0,0,0,0.00411786646773592,0.00185356811862836,0.00714285714285714
"2009_42",NA,NA,0,0,0.00543478260869565,NA,0,0,NA,0,0,0,0,0,NA,0,0,0,0,0.000799034180518919,0
"2009_43",NA,NA,0,0,0.00374531835205993,NA,0,0,NA,0.000759301442672741,0,0,0,0,NA,0,0,0,0,0,0
"2009_44",NA,NA,0,0,NA,NA,0,0,NA,0,0,0,0,0,NA,0,0,0,0.000721426492286383,0,0
"2009_45",NA,0,0,0,NA,NA,0,0,NA,0,0,0,0,0,NA,0,0,0,0,0,0
"2009_46",NA,0,0,0,NA,NA,0,0,NA,0,0,0,0,0,NA,0,0,0,0,0,0
"2009_47",NA,0,0,0,NA,NA,0,0,NA,0,0,0,0,0,0,0,0,0,0.0011517058930852,0,0
"2009_48",NA,0,0,0,NA,NA,0,0,NA,0,NA,0,0,0,0,0,0,0,0,0.00028919508509635,0
"2009_49",NA,0,0,0,0,NA,0,0,NA,0,0,0,0,0,0,0,0,0,0,0,0.00292397660818713
"2009_50",NA,0,0,0,0,NA,0,0,NA,0,NA,NA,0,0,0,0,0,0,0,0,0.00288184438040346
"2009_51",NA,0,0,0,0,NA,0,0,NA,0,NA,0,0,0,0,0,0,0,NA,0,0
"2009_52",NA,0,0,NA,NA,NA,0,0,NA,0,0,0,0,0,0,0,0,0,NA,0,0
"2009_53",NA,0,0,NA,0,NA,NA,NA,NA,0,0,NA,0,0,NA,0,0,0,0,0,0
"2010_01",NA,0,0,NA,0,NA,0.0192307692307692,0,NA,0,0,0,0,0,0,0,0,0,0.00625823451910408,0,0
"2010_02",NA,0,0,0,0,NA,0,NA,NA,0,0,NA,0,0,NA,0,0,0,0,0,0
"2010_03",NA,0,0,NA,0,NA,0,NA,NA,0,0,NA,0,0,NA,0,0,0,0,0,0
"2010_04",NA,0,0,NA,0,NA,NA,NA,NA,0,0,NA,0,0,NA,0,0,0,0,0,0
"2010_05",NA,0,0,NA,0,NA,NA,NA,NA,0,0,NA,0,0,NA,0,0,0,0.0222222222222222,0,0
"2010_06",NA,0,0,NA,0,NA,NA,NA,NA,0,0,NA,0,0,0,0,0,0,0.0684210526315789,0,0
"2010_07",NA,0,0,NA,0,NA,NA,NA,NA,0,0,NA,0,0,0,0,0,0,0,0,0
"2010_08",NA,0,0,NA,0,NA,NA,NA,NA,0,0,NA,0,0,NA,0,0,0,0,0,0
"2010_09",NA,0,0,NA,0,NA,0,0,NA,0,0,0,0,NA,0,0,0,0,0,0,0
"2010_10",0,0,0,0,0,NA,0,0,NA,0,0,0,0,0,0,0,0,0,0,0,0
"2010_11",0,0,0,NA,0,NA,0,0,NA,0,0,0,0,0,0,0,0,0,0,0,0
"2010_12",0,0,0,NA,0,NA,0,0,NA,0,0,0,0,0,0,0,0,0,0,0,0
"2010_13",0,0,0,NA,0,NA,0,0,NA,0,0,0,0,0,0,0,0,0,0,0,0
"2010_14",0,0,0,NA,0,NA,0,0,NA,0,0,NA,0,0,0,0,0,0,0,NA,0
"2010_15",NA,NA,0,0,0,NA,0,0,NA,0,0,0,0,NA,0,0,0.2,0,0,0,0
"2010_16",0,NA,0,NA,0,NA,0,0,NA,0,0,0,0.0909090909090909,0,0,0,0,0,0,0,0
"2010_17",0,0,0,NA,0,NA,0,0,NA,0,0,0,0,NA,0,0,0,0,0,0,0
"2010_18",0,0,0,0,0,NA,0,0,NA,0,0,0,0,0,NA,0,0,0,0,NA,0
"2010_19",0,0,NA,NA,0,NA,0,0,NA,0,0,0,0,0,0,0.5,0,0,0,0,0
"2010_20",0,0,NA,NA,0,NA,0,0,NA,0.0133333333333333,0,NA,0,0,NA,0,0,0,0,0,0
"2010_21",NA,0,0,NA,0,NA,0,0,NA,0,0,NA,0,0,NA,0,0,0,0,0,0
"2010_22",0,NA,0,NA,0,NA,0,0,NA,0,0,NA,0,0,NA,NA,0,0,0,0,0
"2010_23",0,0,NA,NA,0,NA,0,0,NA,0,0,NA,0,0,NA,0,0,0,0,0,0
"2010_24",0,NA,NA,NA,0,NA,0,0,NA,0,0,NA,0,0,NA,0,NA,NA,0,0,0
"2010_25",0,NA,NA,NA,0,NA,0,0,NA,0,0,NA,0,0,NA,0,NA,0,NA,0,0
"2010_26",NA,NA,NA,NA,0,NA,NA,0,NA,0,0,NA,0,0,NA,0,0,0,0,0,0
"2010_27",NA,NA,NA,NA,0,NA,0,0,NA,0,0,NA,NA,0,0,NA,0,0,0,NA,0.04
"2010_28",0,NA,NA,NA,0,NA,0,0,NA,0,NA,NA,0,0,NA,0,0,0,0,NA,0
"2010_29",0,NA,NA,NA,0,NA,0,0,NA,0,NA,NA,0,0,NA,NA,NA,0,0,NA,0
"2010_30",0,0,NA,0,0,NA,0,0,NA,0,NA,NA,NA,0,0,NA,0,0,0,NA,0
"2010_31",0,NA,NA,NA,0,NA,0,0,NA,0,NA,NA,NA,0,0,NA,0,0,0,0,0
"2010_32",0,NA,NA,NA,0,NA,0,0,NA,0,NA,NA,NA,0,0,NA,0,0,0,NA,0
"2010_33",0,NA,NA,NA,0,NA,0,0,NA,0,NA,NA,0,0,NA,0,0,0,0,0,0
"2010_34",0,NA,NA,NA,0,NA,0,0,NA,0,NA,NA,0,NA,NA,NA,0,0,0,NA,0
"2010_35",0,0,NA,NA,0,NA,0,0,NA,0,NA,NA,0,0,0,NA,NA,0,0,NA,0
"2010_36",0,0,NA,NA,0,NA,0,0,NA,0,NA,NA,0,0,NA,NA,NA,0,0,NA,0.00975609756097561
"2010_37",0,0,NA,NA,0,NA,0,0,NA,0,NA,NA,0,0,NA,0,0,0,0,0.0125,0
"2010_38",0,0,NA,NA,0,NA,0.0909090909090909,0,NA,0,NA,NA,0,NA,NA,0,0,0,0,0,0.00408163265306122
"2010_39",0,0,NA,NA,0,NA,0,0,NA,0,NA,0,0,0,NA,0,0,0,0,NA,NA
"2010_40",0,0,0,NA,0,NA,0,0,NA,0,NA,0,0,0,0,0,NA,0,0,0,0.0102739726027397
"2010_41",0,0,0,NA,0,NA,0,0,NA,0,NA,0,0,0,0,0,NA,0,0,0,0
"2010_42",0,0.04,0,0,0,NA,0,0,NA,0,NA,0,0,NA,0,0,0,0,0.0099009900990099,0,NA
"2010_43",0,0.0357142857142857,0.2,0,0,NA,0.0526315789473684,0,NA,0,NA,0,0,0,0,0,0,0,0.0280373831775701,0.0043859649122807,0.00332042058660764
"2010_44",0,0,NA,0,0,NA,0,0,NA,0,NA,0,0,0,0.1,0,0,0,0,0.0146341463414634,0
"2010_45",0,0,NA,0,0,NA,0,0,NA,0,NA,0,0,0,0,0,0,0.01,0.0404040404040404,0,0
"2010_46",0,0,0,NA,0,NA,0,0,NA,0,0,0,0,0,0,0,0,0,0.0216450216450216,NA,0.00387323943661972
"2010_47",0,0,0,0,0.0357142857142857,NA,0,0,NA,0,0,0,NA,0,0,0,0,0,0.00666666666666667,0,0.00707547169811321
"2010_48",0,0,0,NA,0,NA,NA,0,NA,0,0,0,0,NA,0,0,0,0,0,0.0157185628742515,0.010623869801085
"2010_49",0,0,0,NA,0,NA,0,0,0,0,0.0140845070422535,0,0,NA,0,0,NA,0,0.0487951807228916,0.00676246830092984,0.00474941724941725
"2010_50",0,0,0,NA,0,NA,0.0505952380952381,0,NA,0.00546448087431694,0.0434782608695652,0,0,0,0,0,0,NA,0,0,NA
"2010_51",0.032258064516129,0.051056338028169,0,NA,0,NA,0.0256410256410256,0,0,0,0,0,0.00723981900452489,0,0,0,0,0,0.00325183828409121,0.0198606056867945,NA
"2010_52",0,0.034034034034034,0,0,0,NA,NA,0,0,0.0105960264900662,0.0152116402116402,0,0,0,0.0357142857142857,0,0,0,0.0112771333950685,0.016640162839514,NA
"2011_01",0,0,0,0,0,NA,0.00892857142857143,0,0,0.0065113199218011,0,0,0.0190697674418605,0,0,0.0185185185185185,0,0,0.0115071225071225,0.0112580917534478,0.00391008035805106
"2011_02",0,0,0,0,0.0158102766798419,NA,0.005,0,0.0588235294117647,0.00827116176738185,0.00641025641025641,NA,0,0.00221185267634174,0,0,0,0,0.00575090663443078,0.00889276373147341,0.0116141198280222
"2011_03",0.00496174079387853,0,0,0.0260047281323877,0.00344827586206897,NA,0,0,0,0.00914345769837099,0.00984009840098401,0,0.00247487996832154,0,0,0,0,0.0131462925851703,0.0063698948967342,0.00904100742654182,0.0081790662475259
"2011_04",0,0,0,0.0464516129032258,0,NA,0,0.00300459526334394,0,0.00910613048203742,NA,0,0,0,0,0,0,0.00395602723572597,0.00590036560846303,0.00927970065481759,0.00293894577171028
"2011_05",0,0,0,0,0,NA,0.00355871886120996,0,0.032258064516129,0,0.0112784604901431,0,0,0,0,0,0,0,0.00521937963944857,0.0195621797857476,0.0132432432432432
"2011_06",0.029466371204408,0,0,0,0,NA,0.00327868852459016,0,0,0,0.00378866360811011,0,0.00543400543400543,0,0,0,0,0,0,0,0.0117521367521368
"2011_07",0.00437921647532252,0,0,0.0253472222222222,0.00444444444444444,NA,0,0,0,0.00408163265306122,0.0115310159077519,0,0,0,0,0,0,0,0.0190095998479232,0.00456550733559044,0
"2011_08",0.00492513790386131,NA,0,0,0,NA,0.00510204081632653,0,0,0.00961538461538462,0.00751970891449363,0,0,0,0,0,0,0,0.0114043662430759,0.0112317566379462,0.0242798353909465
"2011_09",0,NA,0,0,0,NA,0.00625,0,0,0,0.0125067343954437,0,0,0,0,0,0,0,0.00404858299595142,0.0301105797967723,0.0248917748917749
"2011_10",0,NA,0,0,0,NA,0,0,0,0.00613496932515337,0.00302514653053507,NA,0,0,0,0,0,0,0.00621468926553672,0.0211021832643454,0.0119047619047619
"2011_11",0,NA,0,0,0.025974025974026,NA,0,0,0,0,0,NA,0,0,0,0.0075187969924812,0,0,0,0.017374738045342,0
"2011_12",0,0,0,0,0,NA,0,0,0,0,0,0,0,0,0,0,0,0,0.0247933884297521,0.035555837241729,NA
"2011_13",0.0196078431372549,0,0,0,0.0140845070422535,NA,0,0,0,0,0,0,0,0,0,0,0,0,0,0.0028030303030303,NA
"2011_14",0,0,0,NA,0.024390243902439,NA,0,0,0,0.00862068965517241,0.0165016501650165,0,0,0,0,0,0,0,0.0147058823529412,0.0333410511692521,0
"2011_15",0,0,0,0,0,NA,0,0,0,0,0,0,0,0,NA,0,0,NA,0.0153846153846154,0.0154639175257732,NA
"2011_16",0,0,0,NA,0,NA,0,0,0,0,0,0,0,NA,NA,0,0,0,0,0.00975609756097561,NA
"2011_17",0,0,0,0.0625,0,NA,0,0,0,0,0,0,0,0,NA,0,0,0,0.0238095238095238,0,NA
"2011_18",0,0,0,NA,0.0416666666666667,NA,0,0,0,0,NA,0,0,0,NA,0,NA,NA,0,0,NA
"2011_19",0,0,0,NA,0,NA,0,0,0,0,NA,NA,0,NA,NA,0,NA,0,0.0192307692307692,0.00869565217391304,NA
"2011_20",0,0,NA,NA,0,NA,0,0,0,0,NA,NA,0,0,NA,0,0,0,0,0,NA
"2011_21",0,0,NA,NA,0,NA,0,NA,0,0,NA,NA,0,0,NA,NA,0,0,NA,NA,NA
"2011_22",0,0,NA,NA,0,NA,0,NA,0,0,NA,NA,0,0,NA,NA,0,0,0,0.5,0
"2011_23",0,NA,NA,NA,0,NA,0,NA,0,0,NA,NA,0,0,NA,NA,0,0,NA,0,0
"2011_24",0,NA,NA,NA,0,NA,0,NA,0,0,NA,NA,0,0,NA,NA,0,0,0,NA,0.0185185185185185
"2011_25",0,0,NA,NA,0,NA,0,NA,NA,0,NA,NA,0,NA,NA,NA,0,0,NA,NA,0
"2011_26",0,0,NA,NA,0,NA,0.25,NA,0,0,NA,NA,0,0,NA,0,0,0,NA,NA,NA
"2011_27",0,0,NA,NA,0,NA,0,NA,0,0,NA,NA,0,0,NA,NA,0,0,NA,0,NA
"2011_28",0,NA,NA,NA,0,NA,0,NA,0,0,NA,NA,0,0,NA,0,0,0,NA,NA,NA
"2011_29",0,NA,NA,NA,0,NA,NA,NA,0,0,NA,NA,0,0,NA,NA,0,0,NA,0.2,0.0134228187919463
"2011_30",0,0,NA,NA,0.0714285714285714,NA,NA,NA,0,0,NA,NA,0,0,NA,NA,0,0,NA,NA,0
"2011_31",0,NA,NA,NA,0,NA,0,NA,0,0.0185185185185185,NA,NA,0,0,NA,NA,0,0,0,0,0.00943396226415094
"2011_32",0,NA,NA,NA,0,NA,NA,NA,0,0,NA,NA,0,0,NA,NA,0,0,0,NA,NA
"2011_33",0,NA,NA,NA,0,NA,0,NA,0,0,NA,NA,0,0,NA,NA,0,0,NA,NA,0.00436681222707424
"2011_34",0,NA,NA,NA,0,NA,0,NA,0,0,NA,NA,0,0,NA,NA,0,0,NA,0,NA
"2011_35",0,NA,NA,NA,NA,NA,NA,NA,NA,0,NA,NA,0.142857142857143,0,NA,0,NA,0,NA,0.5,NA
"2011_36",0,0,NA,NA,NA,NA,0,NA,0,0,NA,NA,0,0,NA,0,0,0,NA,NA,0
"2011_37",0,0,NA,NA,0,NA,0,NA,0,0,NA,NA,0,0,NA,0,NA,0,0.181818181818182,NA,0.00443458980044346
"2011_38",0,0,NA,NA,NA,NA,0,NA,0,0,NA,NA,0,0,NA,NA,NA,0,0,NA,NA
"2011_39",0,0,NA,NA,NA,NA,0,NA,0,0,NA,NA,0,0,NA,NA,0,0,0,NA,0
"2011_40",0,0,0,NA,0,NA,0,0,0,0,NA,0,0,0,NA,0,0,0,NA,0.00420168067226891,0.00735294117647059
"2011_41",0,0,0,NA,0,NA,0,0,NA,0,NA,0,0,0,0,0,0,0,0,0,NA
"2011_42",0,0,0,NA,0,NA,0,0,0,0,NA,NA,0,0,0,0,0,0,0,0,0.0127659574468085
"2011_43",0,0,0,0,0,NA,0,NA,0,0,NA,0,0,0,0,0,0,0,0,0.00288184438040346,0.0129807692307692
"2011_44",0,0,0,NA,0,NA,0,0,0,0,NA,0,0,0,0,0,0,0,0.00719424460431655,0.00244498777506112,NA
"2011_45",0,0,0,NA,0,NA,0,0,0,0,NA,0,0.0535714285714286,0,0,0,0,0,0,0,0.00648298217179903
"2011_46",0,0,0,NA,0.0263157894736842,NA,0.0588235294117647,0,0.166666666666667,0.0241935483870968,0.024390243902439,0,0,0,0,0,NA,0,0.0402298850574713,0.00697674418604651,NA
"2011_47",0,0.0555555555555556,0,0,0,NA,0,0,0,0.0104166666666667,0.0819672131147541,0,0,0,0,0,0,0,0.0110497237569061,0.010762331838565,0.0127478753541076
"2011_48",0,0,0,0,0.0131578947368421,NA,0.0238095238095238,0,0,0,0.0535714285714286,0,0.0784313725490196,0,0,0.0833333333333333,0,0,0.032258064516129,0.0110891089108911,0.008
"2011_49",0,0.0571428571428571,0,0,0,NA,0.0405405405405405,0,0.153846153846154,0,0.0655737704918033,0,0.0234375,NA,0,0,0,0.00746268656716418,0.0493827160493827,0.0195035460992908,0.0123897127839309
"2011_50",0,0.0384615384615385,0,NA,0,NA,0.0526315789473684,0.024390243902439,0.0714285714285714,0,0.0892857142857143,0.125,0.00917431192660551,NA,0,0.0555555555555556,0,0.015625,0.132352941176471,0.0276639344262295,0.0156062424969988
"2011_51",0,0.1,0,NA,0,NA,0.0338983050847458,0,0.0769230769230769,0.0588235294117647,0.0842696629213483,0,0.00662251655629139,0,0.111111111111111,0.0256410256410256,0,0.00943396226415094,0.136222910216718,0.025854108956602,0.036046511627907
"2011_52",0.0161290322580645,0.142857142857143,0,0,0,NA,0.222222222222222,0,0.125,0.0692307692307692,0.212903225806452,0,0.0131578947368421,NA,0,0.125,0,NA,0.232736572890026,0.0699375410913873,0.0527859237536657
"2012_01",0.04,0,0.25,NA,0,NA,0.0454545454545455,0,0.136363636363636,0.0174672489082969,0.167411545623836,0.0833333333333333,0.020979020979021,0,0.153846153846154,0.157894736842105,NA,0.0153846153846154,0.216666666666667,0.0106870229007634,0.086687306501548
"2012_02",0.0535714285714286,0.176470588235294,0.2,0,0,NA,0.19047619047619,0,0.285714285714286,0.0792682926829268,0.22093023255814,0.235294117647059,0.0298507462686567,0,0.0714285714285714,0.0769230769230769,0,0.0196078431372549,0.32092960572618,0.0259856630824373,0.0383561643835616
"2012_03",0.0153846153846154,0.296296296296296,0.027027027027027,NA,0,NA,0.272727272727273,0.0147058823529412,0.117647058823529,0.0755813953488372,0.315789473684211,0,0.0258064516129032,0,0.416666666666667,0.136363636363636,0,0.0748299319727891,0.472424169475205,0.0569948186528497,0.132388588476599
"2012_04",0.109756097560976,0.259259259259259,0.0618556701030928,0,0,NA,0.384615384615385,0.029126213592233,0.28,0.101063829787234,0.485288888888889,NA,0.0258064516129032,0,0.214285714285714,0.204545454545455,0,0.0784313725490196,0.6272040302267,0.079660587639311,0.100828729281768
"2012_05",0.106951871657754,0.0737463126843658,0.130434782608696,0.173913043478261,0.0227272727272727,NA,0.40625,0.0206185567010309,0.16,0.192090395480226,0.603030303030303,0.214285714285714,0.0377358490566038,0,0.428571428571429,0.344262295081967,0.046,0.092896174863388,0.653763440860215,0.164471655049041,0.131511138654229
"2012_06",0.237668161434978,0.0693265421618563,0.1875,0.142857142857143,0.0625,NA,0.47887323943662,0.0459770114942529,0.444444444444444,0.233502538071066,0.466200466200466,NA,0.105263157894737,NA,0.413793103448276,0.59375,0,0.221556886227545,0.694013142092441,0.243096840898619,0.148097826086957
"2012_07",0.29616724738676,0.040621266427718,0.192307692307692,0.0833333333333333,0.0833333333333333,NA,0.336734693877551,0.209677419354839,0.392857142857143,0.263537906137184,0.433846153846154,0.454545454545455,0.146892655367232,NA,0.481481481481481,0.638297872340425,0,0.215488215488215,0.722699920063949,0.387122736418511,0.248216833095578
"2012_08",0.304843304843305,0.540322580645161,0.217054263565891,0.376470588235294,0.140845070422535,NA,0.508771929824561,0.145695364238411,0.355555555555556,0.223300970873786,0.523605150214592,0.349206349206349,0.2603515625,NA,0.436363636363636,0.583333333333333,0.111111111111111,0.335976728884579,0.709876543209877,0.393808081545273,0.422976501305483
"2012_09",0.270089285714286,0.569105691056911,0.431818181818182,0.384615384615385,0.14,NA,0.45578231292517,0.247422680412371,0.319148936170213,0.222443181818182,0.286713286713287,0.830357142857143,0.409090909090909,NA,0.457627118644068,0.476190476190476,0.15,0.362204724409449,0.663323782234957,0.368592137720182,0.369845360824742
"2012_10",0.275949367088608,0.407894736842105,0.333333333333333,0.462962962962963,0.146666666666667,NA,0.553030303030303,0.208121827411168,0.303030303030303,0.222222222222222,0.236842105263158,0.406779661016949,0.363920454545455,NA,0.423076923076923,0.555555555555556,0.0769230769230769,0.265168539325843,0.499047619047619,0.32675422185637,0.329831168831169
"2012_11",0.244827586206897,0.4,0.242236024844721,0.109090909090909,0.19672131147541,NA,0.305084745762712,0.2,0.206896551724138,0.174698795180723,0.146153846153846,0.453333333333333,0.419847328244275,NA,0.464285714285714,0.625,0.0769230769230769,0.354755784061697,0.33983286908078,0.329283540752625,0.331564986737401
"2012_12",0.165384615384615,0.457627118644068,0.354037267080745,0.415094339622642,0.212765957446809,NA,0.494505494505495,0.259668508287293,0.307692307692308,0.119205298013245,0.0538461538461538,0.428571428571429,0.412813479623824,NA,NA,0.551724137931034,0.384615384615385,0.224976573813783,0.307017543859649,0.258318209316394,0.312320916905444
"2012_13",0.148837209302326,0.368421052631579,0.292682926829268,0.357142857142857,0.0540540540540541,NA,0.283950617283951,0.232558139534884,0.235294117647059,0.0886075949367089,0.0392156862745098,0.333333333333333,0.404819277108434,0.0222222222222222,0.235294117647059,0.419354838709677,0.523809523809524,0.109170305676856,0.13265306122449,0.178641251221896,0.458604044357469
"2012_14",0.09375,0.608695652173913,0.283950617283951,NA,0.1,NA,0.617647058823529,0.121212121212121,0,0.0886699507389163,0.0425531914893617,0.368421052631579,0.360824742268041,0.0681818181818182,0.166666666666667,0.291666666666667,0.25,0.0954907161803714,0.0642857142857143,0.115970515970516,0.190620272314675
"2012_15",NA,NA,0.2,0.0833333333333333,0,NA,0.369565217391304,0.0789473684210526,0.0769230769230769,0.116959064327485,0.0789473684210526,0.357142857142857,0.344262295081967,0,0.25,0.409090909090909,0,0.0544871794871795,NA,0.116937914406269,0.226059654631083
"2012_16",NA,NA,0,0.333333333333333,0.0357142857142857,NA,0.108108108108108,0.09375,0,0.0227272727272727,NA,NA,0.4375,NA,NA,0.0769230769230769,0.705882352941176,0.0398009950248756,0.024390243902439,0.0813030385984123,0.136363636363636
"2012_17",NA,0,0.125,0.0625,0.0869565217391304,NA,0.208333333333333,0.1,0,0.0774193548387097,NA,0,0.244444444444444,NA,NA,0.208333333333333,0,0.0301204819277108,NA,0.0895196506550218,0.142627345844504
"2012_18",0,0,0.2,0.166666666666667,0.0833333333333333,NA,0.176470588235294,0.0454545454545455,0.125,0.0210526315789474,NA,0,0.43956043956044,0,NA,0,0,0.0212765957446809,0,0.0479452054794521,0.117408906882591
"2012_19",0,0,0.117647058823529,NA,0,NA,0.3,0,0,0.0707964601769911,NA,0,0.0666666666666667,0,NA,0,0.166666666666667,0,0.008,0.0312849162011173,0.0778097982708934
"2012_20",0,0,0,NA,0,NA,0,0,0,0,NA,0,0.0666666666666667,0,NA,0,0,0,0,NA,0.0338164251207729
"2012_21",0,0,0,NA,0.0454545454545455,NA,0,NA,0,0,NA,NA,0,0,NA,0,0,0,0.028169014084507,NA,0.0376984126984127
"2012_22",0,0,NA,NA,0,NA,0,NA,0,0,NA,NA,NA,0,NA,0,0,0,0,NA,0.0148514851485149
"2012_23",0,NA,NA,NA,0,NA,0.5,NA,0,0,NA,NA,0,0,NA,0,0,0,0,NA,0.036036036036036
"2012_24",0,NA,NA,NA,0,NA,0,NA,0,0,NA,NA,NA,0,NA,0,0,0,0,NA,0.0235756385068762
"2012_25",0,NA,NA,NA,0,NA,0,NA,0,0,NA,NA,0,NA,0,NA,0,0,0,NA,0.0127388535031847
"2012_26",0,NA,NA,NA,0,NA,0,NA,0,0,NA,NA,0,0,NA,NA,0,0,0,NA,NA
"2012_27",0,NA,NA,NA,0,NA,0,NA,0,0,NA,NA,0,0,0,NA,0,0,0,NA,NA
"2012_28",0,NA,NA,NA,0,NA,0,NA,0,0,NA,NA,0,0,NA,NA,0,0,NA,NA,NA
"2012_29",0,NA,NA,NA,0,NA,0,NA,0,0,NA,NA,0,0,NA,NA,NA,0,0,NA,0.0075187969924812
"2012_30",0,NA,NA,NA,0,NA,0,NA,0,0,NA,NA,0,0,NA,NA,NA,0,0,NA,NA
"2012_31",0,NA,NA,NA,0,NA,0,NA,0,0,NA,NA,0,0,NA,NA,0,0,0,NA,0
"2012_32",0,NA,NA,NA,0,NA,0,NA,0,0,NA,NA,0,0,NA,NA,NA,0,0,NA,NA
"2012_33",0,NA,NA,NA,0,NA,0,NA,0,0,NA,NA,0,0,NA,NA,0.25,0,0,NA,NA
"2012_34",0,NA,NA,NA,0,NA,0.5,NA,0,0,NA,NA,0,0,NA,NA,0,0,0,NA,0.0157232704402516
"2012_35",0,0.5,NA,NA,0,NA,0,NA,0,0,NA,NA,0,0,NA,0,0,0,0,NA,0
"2012_36",0,NA,NA,NA,0.0625,NA,0,NA,0,0,NA,NA,0,0,NA,0,0,0,0,NA,NA
"2012_37",0,NA,NA,NA,0,NA,0,NA,0,0,NA,NA,0,0,NA,NA,0,0,0,NA,0.005249343832021
"2012_38",0,NA,NA,NA,0,NA,0,NA,0,0,NA,NA,0.0476190476190476,0,NA,0,0,0,0,NA,NA
"2012_39",0,NA,NA,NA,0.0166666666666667,NA,0.25,NA,0,0,NA,NA,0,0,NA,0,0,0,0,NA,NA
"2012_40",0,0,0,0,NA,0.000937207122774133,0,0,0,0,NA,NA,0,0,0,0,0,0,0,0.00436681222707424,0
"2012_41",0,0,NA,0.105263157894737,0,NA,0,0,0,NA,NA,NA,0,NA,0,0,0,0,0.0326086956521739,0.00829875518672199,0.00514579759862779
"2012_42",0,0,0,NA,NA,0,0,0,0.111111111111111,0,NA,0,0,NA,0,0,0,0,0.00763358778625954,0.0135135135135135,0.0022075055187638
"2012_43",0,0,0,0,NA,0.00525131282820705,0.0303030303030303,0,0,0,NA,0,0,0,0,0,0,0,0,0.0056390977443609,0.00566343042071197
"2012_44",0,0,0,0,NA,0.00186915887850467,0.0277777777777778,0,0,0,NA,0,0.0238095238095238,0,0.0588235294117647,0.0526315789473684,0,0,0,0.00522193211488251,0.0180678466076696
"2012_45",0.0434782608695652,0,0,NA,0.00985221674876847,0.00300400534045394,0.0444444444444444,0,0,0,NA,0,0,NA,0,0,NA,0,NA,0.00694444444444444,0.0202414772727273
"2012_46",0,0,0,0,0.0174418604651163,0.000821827744904668,0.0344827586206897,0,0,0.00833333333333333,0.0192307692307692,0,0,NA,0,0,0,0,0,0.0146788990825688,0.0234192037470726
"2012_47",0,0,0,0,0.0128205128205128,0.00565535595475715,0.0384615384615385,0,0.037037037037037,0,0,0,0.0158730158730159,NA,0,0,0,0,0,NA,0.0163309744148067
"2012_48",0,0,0,NA,0.0174129353233831,0.0013401559454191,0.0227272727272727,0,0,0,0.0263157894736842,0,0.0101010101010101,0,0,0,0,0,0.00476190476190476,0.0135228848821082,0.0203677510608204
"2012_49",0.09375,0,0,0,0.0598290598290598,0.0110536665820858,0.0549450549450549,0,0,0,0,0,0.0250260688216893,0,0.0434782608695652,0,0,0,0.00571428571428571,0.022010582010582,0.0372475444211456
"2012_50",0.0151515151515152,0,0,0,0.132575757575758,0.0116500641461022,0.134831460674157,0,0,0.0172413793103448,0.0144927536231884,0.105263157894737,0.013986013986014,0,0,0,0,0.00632911392405063,0,0.0374209860935525,0.0758320932852447
"2012_51",0.0689655172413793,0.0263157894736842,0,0.13986013986014,0.214160839160839,0.021935928219982,0.149425287356322,0,0,0.012396694214876,0,0.0882352941176471,0.0344827586206897,0,NA,0,0,0,0,0.0374025147222664,0.131110943256876
"2012_52",0,0.0238095238095238,NA,0.1,0.364217252396166,0.0277231190826955,0.384615384615385,0,0.0740740740740741,0.00956937799043062,NA,0,0.0857350128602519,0,NA,0,0,NA,0.0108108108108108,0.0497076023391813,0.143967183370804
"2013_01",0.0108695652173913,0,0.239316239316239,0.0156062424969988,0.273666014647682,0.0290646062797962,0.0434782608695652,0.0526315789473684,0.144082332761578,0.0178006329113924,0,0,0.114216153276172,0,0.08,0,0,0.0224358974358974,0.0128029263831733,0.0390876929338468,0.13559060923341
"2013_02",0,0.0826446280991736,0.182529335071708,0.0615853658536585,0.183220785684392,0.0284950620639667,0.2,0,0.122727272727273,0.0302062155097299,0.0110677083333333,0,0.123555653064209,0.00969478341741115,0.0432330827067669,0.0147058823529412,0,0.0121794871794872,0.0151324085750315,0.0429318535670087,0.133771929824561
"2013_03",0.0382352941176471,0.0108181203515889,NA,0.113172625496569,0.159878464502742,0.0381284557512765,0.177777777777778,0,0.168316831683168,0.0323585810162991,0.00973782771535581,0.0227272727272727,0.179300125384703,0.0186504143338676,0.0186186186186186,0.0128205128205128,0.106382978723404,0.0292207792207792,0.0101774530271399,0.0368665558538976,0.115873237470334
"2013_04",0.0220841959972395,0.0760514691761091,NA,0.109996064541519,0.185263157894737,0.0348837209302326,0.246403955648786,0.0416666666666667,0.121621621621622,0.0196678321678322,0.0161476355247982,0.0291223927587564,NA,0.0136683155428274,0.00909090909090909,0.0297475961538462,0.0526315789473684,0.0281708595387841,0.0108768631663757,0.0303924561582036,0.12177849821528
"2013_05",0.0142928163062391,0.0570550800965548,0.202614379084967,0.208732394366197,0.213069211257398,0.0432578734133833,0.234177215189873,0.0422535211267606,0.126760563380282,0.0419847328244275,0.0307202184548868,0.0381268130957315,0.167900889571981,0.0124767846087909,0.0220779220779221,0.0272662042573547,0.063508064516129,0.0222453222453222,0.0191574279379157,0.0507447567375492,0.17583146973828
"2013_06",0.0231474319306931,0.0634920634920635,0.275644141954302,0.170914303918445,0.139927140255009,0.0556423291258115,0.233974358974359,0.0632911392405063,0.08,0.0661057692307692,0.0241526283742643,NA,0.259432159432159,0.00505821721702615,0.0155228758169935,0.0304996755353666,0.0762043795620438,0.0269635126777984,0.0253361237950279,0.0370343408645944,0.239682131002665
"2013_07",0.0182843472317157,0.0573584905660377,NA,0.17351598173516,0.121351838783031,0.047834693877551,0.195035460992908,0.0574712643678161,0.119047619047619,0.0894392844857241,0.0104172695179119,0.0958904109589041,0.209032068255369,0.0168386746333514,0.0149061464850939,0.0181818181818182,0.024127531236536,0.040210942649967,0.0193602693602694,0.0441735439122979,0.213030303030303
"2013_08",0.0329840287860615,0.0404829545454545,NA,0.1710615280595,0.0790696238675125,0.0510867009220948,0.19205298013245,0.196428571428571,0.0847457627118644,0.116788708479253,0.0189473684210526,0.0675381263616558,0.176165803108808,0.0138461538461538,0.0335097001763668,0.00680580762250454,0.0205600850762141,0.00549218419940853,0.0242150693506408,0.0399682791435369,0.241331833899125
"2013_09",0.0286832223659714,0.220633299284985,NA,0.138392857142857,0.0520398329585609,0.0417905985329216,0.185053380782918,0.141843971631206,0.0465116279069767,0.111627906976744,0.016853256289876,0.0705128205128205,0.282125389061805,0.0229166666666667,0.00752351097178683,0.0099009900990099,0.063821892393321,0.0434090003982477,0.011780408542247,0.0498051010325845,0.221318859510833
"2013_10",0.022609819121447,0.119047619047619,NA,0.146853146853147,0.0571055637134932,0.0480846289469466,0.117154811715481,0.115384615384615,0,0.108535895986433,0.056578947368421,0.0769230769230769,0.213062524890482,0,0.0104489164086687,0.0109489051094891,0.0564236111111111,0.0280701754385965,0.0173875244512063,0.0367895189571892,0.302482460874258
"2013_11",0.0394247458467642,0,NA,0.0827586206896552,0.0347826086956522,0.0745560044744329,0.131455399061033,NA,0.0694444444444444,0.0998484274346343,0.0310077519379845,0.0793650793650794,0.227727727727728,0.0130718954248366,0.0178066704352742,0.00696864111498258,0.0329153605015674,0.0541871921182266,0.0380921895006402,0.0427440899238873,0.238222380443812
"2013_12",0.0219435736677116,0.0588235294117647,NA,0.103448275862069,0.0244897959183673,0.0229292238861617,0.113636363636364,0.0746268656716418,0.0487804878048781,0.127694859038143,0.0165369649805447,0.0789473684210526,0.153846153846154,0.010932944606414,0.00627690100430416,0.0043859649122807,0.040983606557377,NA,0.0236624463957525,0.0445344451694012,0.248256689807265
"2013_13",0.0132978723404255,0.161290322580645,NA,0.222222222222222,0.032798833819242,0.0213421507477268,0.0909090909090909,0.0857142857142857,0.0384615384615385,0.17584074800181,0,0.111111111111111,0.179310344827586,0,0,0.00363636363636364,0,0,0.0341765789914559,0.0388071895424837,0.260269546977843
"2013_14",0.00699300699300699,0.25,NA,0,0.0313253012048193,0.00636132315521628,0.0425531914893617,0.125,0.0476190476190476,0.161401347728425,0.0243161094224924,NA,0.216216216216216,0.0610687022900763,0.0264550264550265,0,0,0,0.0164263203132461,0.0354789103690685,0.177109440267335
"2013_15",0,0.369230769230769,NA,NA,0.00955109837631328,0.0250205761316872,0.0506329113924051,0.0681818181818182,0.0434782608695652,0.291806958473625,0.0148148148148148,NA,0.100840336134454,0.0350877192982456,0,0.024390243902439,NA,0.0303030303030303,0.0173562412342216,0.0204359673024523,0.189198548564374
"2013_16",NA,0,0.0303030303030303,NA,0.0134529147982063,0.0132787874723359,0.0212765957446809,0,0,0.0633605851979346,0,0,0.171052631578947,NA,0.0571428571428571,0.0222222222222222,NA,NA,0.0157894736842105,0.0289699570815451,0.191906191906192
"2013_17",0,0,0,NA,0,0.00944206008583691,0,0.1,0.0555555555555556,0.0476190476190476,NA,0,NA,0,0.08,0.108108108108108,0.0384615384615385,NA,0,0.0138248847926267,0.095970258858087
"2013_18",NA,0,0,NA,NA,0.00464576074332172,0,0,0,0.0584740462789243,NA,0,NA,0,0,0.121212121212121,0,0,0,0.00467836257309942,0.0476016493553943
"2013_19",NA,0,0,NA,0,0.0015015015015015,0,0,0,0.0339393939393939,NA,0,NA,NA,0,0,0,0,0,0.0140515222482436,0.0338597240005691
"2013_20",0,0,0,NA,0,0.00265017667844523,0,0,0,0.0174418604651163,NA,0,NA,0,0,0,0,0,0,NA,0.0155844155844156
"2013_21",0,0,NA,NA,0,0,0,NA,0,0.0173410404624277,NA,NA,NA,NA,0,0,0,0,0,NA,0.0102150537634409
"2013_22",0,0,NA,NA,0,0,0,NA,0,0,NA,NA,0,NA,0,0,0,0,0,NA,0.0256756756756757
"2013_23",NA,NA,NA,NA,NA,NA,0,NA,0,0,NA,NA,NA,0,NA,0,0,0,0.05,NA,0.00815660685154975
"2013_24",NA,NA,NA,NA,0,NA,0,NA,0,0,NA,NA,NA,NA,0,NA,0,0,0,NA,0.00689655172413793
"2013_25",0,NA,NA,NA,0.0357142857142857,NA,0,NA,0,0.00775193798449612,NA,NA,0,0,NA,0,0,0,0,NA,0
"2013_26",0,NA,NA,0,0,NA,0,NA,0,0,NA,NA,0,0,NA,0,0,0,0,NA,NA
"2013_27",0,NA,NA,NA,NA,NA,0,NA,0,0,NA,NA,0,0,NA,NA,0,0,0,NA,0.00924214417744917
"2013_28",0,NA,NA,NA,0.0769230769230769,0,0,NA,0,0,NA,NA,0,0,0,NA,0,0,0,NA,NA
"2013_29",0,NA,NA,NA,0,0,0,NA,0,0,NA,NA,0,0,NA,NA,0,0,0,NA,NA
"2013_30",0,NA,NA,NA,NA,0,0,NA,0,0,NA,NA,0,0,NA,NA,0,0,0,NA,0.00433839479392625
"2013_31",0,NA,NA,NA,0,0,NA,NA,0,0,NA,NA,0,0,0,NA,0,0,0,NA,0.00680272108843537
"2013_32",0,0,NA,NA,0,0,NA,NA,0,0,NA,NA,0,0,NA,NA,0,0,0.037037037037037,NA,0.00540540540540541
"2013_33",0,NA,NA,NA,0,0,0,NA,0,0,NA,NA,0,0,NA,NA,0,0,0,NA,0.00717948717948718
"2013_34",0,NA,NA,NA,0,0,0,NA,0,0,NA,NA,0.111111111111111,0,NA,NA,0,0,0,NA,0.0077120822622108
"2013_35",0,NA,NA,NA,0,0,0,NA,0,0,NA,NA,0.0769230769230769,0,NA,NA,0,0,0,NA,NA
"2013_36",0,NA,NA,NA,0,0,0,NA,0,0,NA,NA,0,0,NA,NA,0,0,0,NA,NA
"2013_37",0,NA,NA,NA,0,0.00280504908835905,0,NA,0,0,NA,NA,0,NA,NA,0,0,0,0,NA,0.00221729490022173
"2013_38",0,0,NA,NA,0,0,0,NA,0,0,NA,NA,0,0,0,0,0,0,0,NA,0.00198807157057654
"2013_39",0,NA,NA,NA,0,0.00187793427230047,0,NA,0,0,NA,NA,0,0,0,0,0,0,0,NA,0
"2013_40",0,0,0,NA,NA,0,0,0,0,0,NA,0,0,0,NA,0,0,0,0,0,0.00672268907563025
"2013_41",0,0,NA,NA,0.00561797752808989,0,0,0,0,0,NA,0,0.0789473684210526,NA,0,0,0,0,0.0131578947368421,0,0.00399800099950025
"2013_42",0,0,0,NA,0,0.00148478099480327,0,0,0,0,NA,0,0.05,0,NA,0,0,0,0,0,0.00277315585135885
"2013_43",0,0,NA,0,0.0119047619047619,0.00815494393476045,0,0,0,0,NA,0,0.0454545454545455,0,0,0,0,0,0,0,NA
"2013_44",0,0,NA,0,0.00523560209424084,0.00663481953290871,0,0,0,0,NA,0,0.075,0,0,0.0555555555555556,0,0,0,0.0036231884057971,0.00884955752212389
"2013_45",0,0,NA,0,NA,0,0,0,0,0,NA,0,0.151515151515152,0,0,0.0384615384615385,0,0,0.00689655172413793,0.00303234501347709,0.0213888888888889
"2013_46",0,0,NA,NA,0,0.00149142431021626,0.0196078431372549,0,0,0,0,0,0,NA,0.0181818181818182,0,0,0,0,0,0.00477200424178155
"2013_47",0,0,NA,NA,NA,0,0,0,0,0.00666666666666667,0,0,0,0,0.0576923076923077,0,0,0,0.015,0,0
"2013_48",0,0,0,NA,0,0.00264394829612221,0.0344827586206897,0,0,0,0.0833333333333333,0,0,0,NA,0,0,0,0.0362080315997367,0.00629213483146067,0
"2013_49",0,0,0,0,0,0.00564409030544489,0,0,0,0.0050761421319797,0.0967741935483871,0,0.0161290322580645,NA,0,0,0,0.00709219858156028,0.0521262002743484,0.00657174151150055,0.00302637267617812
"2013_50",0,0.117647058823529,0,0,NA,0.0115015166835187,0.0298507462686567,0,0,0.0127659574468085,0.107692307692308,0,0.0163934426229508,0,0.075,0,0,NA,0.0885682574916759,0.00781795337149239,0.0107238605898123
"2013_51",0,0.125,0.0689655172413793,NA,0,0.0152508286469778,0.0289855072463768,0,0,0.0257648953301127,0.0344827586206897,0,0,0,0.0705882352941176,0,0,0.0197044334975369,0.107543480498096,0.00475444476828913,0.00959232613908873
"2013_52",0.0135135135135135,0.0555555555555556,0.111111111111111,NA,0.0112820512820513,0.0166908368245784,0.0454545454545455,NA,0,0.0238095238095238,0.136986301369863,0,0.0142857142857143,0.032258064516129,0.10006497725796,0.0555555555555556,0,0.0541871921182266,0.169638694638695,0.00925542201961597,0.0103588605253422
"2014_01",0,0.102564102564103,0.227272727272727,0,0.0229166666666667,0.0242745605611457,0.0454545454545455,0,0,0.0771710276829731,0.107142857142857,0,0.00641025641025641,0,0.0790419161676647,0.08,0,0.0745614035087719,0.195119920053298,0.00485597616157157,0.0175536737331456
"2014_02",NA,0,0.215686274509804,0.0384615384615385,NA,0.0173971227835396,0.0714285714285714,0,0,0.0320855614973262,0.0909090909090909,0,0.0144927536231884,NA,0.100550180231455,0.162162162162162,0,0.0894568690095847,0.198375534597257,0.00843253968253968,0.0104297788167596
"2014_03",0.0204081632653061,0.0909090909090909,0.32258064516129,0,0.0046692607003891,0.0339590183162731,0.0595238095238095,0,0,0.0757575757575758,0.109346524342619,0,0.0153846153846154,0,0.130897583429229,0.0491803278688525,0,0.134715025906736,0.17518745524575,0.00422736474417497,0.0255810284993164
"2014_04",0.0421686746987952,0.142857142857143,0.175824175824176,NA,0.00314922480620155,0.0500933873370968,0.087378640776699,0.0263157894736842,0,0.134089199976861,0.113959500215424,0.153846153846154,0.0562851782363978,NA,0.122632241302318,0.0638297872340425,0,0.182341650671785,0.177566604083913,0.00577309575515599,0.0229661791590494
"2014_05",0.0239195433541723,0.140350877192982,0.129032258064516,0.0476190476190476,0.0116452672439534,0.0576190367918614,0.08,0,0,0.154645354645355,0.223814846472483,0.198333333333333,0.0491803278688525,0,0.105373817327314,0.0952380952380952,0,0.164930555555556,0.178657098232282,0.00640362543717058,0.0353208308804979
"2014_06",0.042911877394636,0.257142857142857,0.240963855421687,0,0.00983572250706288,0.0547400859622091,0.186567164179104,0,0.0161290322580645,0.131116389548694,0.232651570489408,0.143540669856459,0.0513384671800513,0.017156862745098,0.104867518464135,0.210526315789474,0,0.198210513234746,0.182850458560538,0.0205061788354649,0.0445986775846215
"2014_07",0.122222222222222,0.276923076923077,0.395973154362416,0.0333333333333333,0.00540253886182095,0.0673735326435456,0.155555555555556,NA,0.0138888888888889,0.210281481481481,0.169192988398679,0.170731707317073,0.0564971751412429,0,0.0760040116862164,0.298850574712644,0.0454545454545455,0.311348385422459,0.202260282644131,0.0291480632483727,0.069096185895608
"2014_08",0.0574712643678161,0.347107438016529,0.307692307692308,0.0689655172413793,0.0091535755195549,0.0645951849593616,0.165354330708661,0.0315789473684211,0.0161290322580645,0.219929545971646,0.181962744207179,0.3,0.0998726114649681,0.026246719160105,0.0745257452574526,0.279569892473118,0.05,0.279663923182442,0.223229856993373,0.0261785631346718,0.0313071836217049
"2014_09",0.0691461498166579,0.291764705882353,0.333333333333333,0.105263157894737,0.0155385270327799,0.0710425608936236,0.131578947368421,0.0449438202247191,0.0277777777777778,0.231980632924029,0.23515625,0.204678362573099,0.125,0.0371517027863777,0.0928792569659443,0.40495867768595,0.09375,0.2475,0.221118051120699,0.0141653946305109,0.0575835724577143
"2014_10",0.122535211267606,0.293478260869565,0.328947368421053,0.12,0.00806451612903226,0.0590525675171615,0.172413793103448,0.115789473684211,0,0.192861942805943,0.165040650406504,0.240601503759398,0.152892561983471,0.0474860335195531,0.0595238095238095,0.515337423312883,0.0833333333333333,0.233119730185497,0.234091192485141,0.0151936132181193,0.0698371362433862
"2014_11",0.110296067167477,0.36036036036036,0.4,0.04,0.00228609747919651,0.0540903272643907,0.176470588235294,0.0285714285714286,0.0153846153846154,0.168488673503888,0.114751623131511,0.306122448979592,0.191142191142191,0.158878504672897,0.0284237726098191,0.373205741626794,NA,0.273150762281197,0.16551724137931,0.0103001226859058,0.0524398178269356
"2014_12",0.116850891044439,0.401041666666667,0.444444444444444,0.148148148148148,0.0206838002624064,0.0391387959866221,0.281553398058252,0.166666666666667,0.02,0.214003319016009,0.0909090909090909,0.231617647058824,0.173913043478261,0.103448275862069,0.0285714285714286,0.458100558659218,0.0775193798449612,0.192559816453622,0.115273775216138,0.00797382948272337,0.0365320321677058
"2014_13",0.0925152585929971,0.444444444444444,0.217054263565891,0.222222222222222,0.0189035916824197,0.0303796438762853,0.107142857142857,0.117647058823529,0,0.125728155339806,0.0703296703296703,0.153846153846154,0.181818181818182,0.084,0,0.374045801526718,0.0395480225988701,0.169191919191919,0.0840643274853801,0.00606046693142949,0.0586568948490046
"2014_14",0.091324200913242,0.4,0.485436893203884,0.25,0.00622171945701358,0.0437286497202448,0.150684931506849,0.148148148148148,0.0384615384615385,0.140137306249558,0.0444444444444444,0.454545454545455,0.22636815920398,0.0714285714285714,0.0714285714285714,0.275510204081633,0.0625,0.182758620689655,0.114478114478114,0.00606826801517067,0.0580993489545989
"2014_15",0.0738461538461538,0.35,0.178947368421053,NA,0,0.0233012128260508,0.120689655172414,0.352941176470588,0,0.0795819935691318,0.012987012987013,NA,0.186170212765957,0.0615384615384615,0.0140845070422535,0.235294117647059,0.130952380952381,0.0733067729083665,0.0522088353413655,0.00894021233004284,0.0439661256175018
"2014_16",0,0.0833333333333333,0.358208955223881,NA,NA,0.0184815554077031,0.107142857142857,0.0769230769230769,0,0.0676144244105409,0.0384615384615385,0,0.152941176470588,0,0,0.241379310344828,0.156794425087108,NA,0.0185430463576159,0.00914315569487983,0.0322508398656215
"2014_17",NA,NA,0.1,0.111111111111111,0,0.0126170126170126,0.0740740740740741,0,0,0.0404624277456647,0,0.166666666666667,0.480283114256825,0,0,NA,0.210526315789474,0.102362204724409,0.0414507772020725,0.00739371534195933,0.0386992488352192
"2014_18",NA,1,0.0681818181818182,0,0,0.0100087032201915,0.3,0,0,0.0176470588235294,NA,0,0.378378378378378,0,0,0.3,0.106382978723404,NA,0.043859649122807,0.0200205338809035,0.0274371232591977
"2014_19",0,0,0.0952380952380952,0.285714285714286,0,0.00533049040511727,0.0833333333333333,0,0,0.00854700854700855,NA,0,0.178571428571429,0,0,0.142857142857143,0,NA,NA,0.0160098522167488,0.00841765917435301
"2014_20",NA,0,0.166666666666667,0,0,0.00433874337136429,0.0476190476190476,0,0,0.0147058823529412,NA,0,0.214285714285714,NA,0,0,0,NA,NA,0,0.0260047281323877
"2014_21",NA,0,NA,NA,0,0.00184842883548983,0.16,NA,0.2,0,NA,NA,0.0833333333333333,0,0,NA,0,0,0.0198019801980198,NA,0.00301932367149758
"2014_22",NA,NA,NA,NA,0,0.00380952380952381,0,NA,0,0.0137931034482759,NA,NA,0,NA,NA,NA,0,0,0,NA,0.00239234449760766
"2014_23",NA,NA,NA,NA,0,0.00320924261874198,0,NA,0,0,NA,NA,0,NA,0,NA,0,0,0,NA,0.00532386867790594
"2014_24",NA,0,NA,NA,NA,0,0,NA,0.0769230769230769,0,NA,NA,0,NA,NA,NA,0,0,0.0375,NA,0.00514800514800515
"2014_25",NA,NA,NA,NA,NA,0.00323415265200517,0,NA,0,0.00862068965517241,NA,NA,0,0,NA,NA,0,0,NA,NA,0.00278551532033426
"2014_26",NA,0,NA,NA,0,0.0014903129657228,0,NA,0,0,NA,NA,0.0625,NA,NA,NA,0.0769230769230769,0.0105263157894737,0,NA,0.00144300144300144
"2014_27",NA,NA,NA,NA,0,0,0,NA,0,0,NA,NA,0,0,NA,NA,0,0,0.015625,NA,0.0028328611898017
"2014_28",NA,NA,NA,NA,NA,NA,0,NA,0,0,NA,NA,0.214285714285714,0,NA,NA,0,0,0,NA,0.00689127105666156
"2014_29",NA,NA,NA,NA,0,NA,0,NA,0,0.0212765957446809,NA,NA,0,0,NA,NA,0,0,NA,NA,0
"2014_30",NA,NA,NA,NA,0.015748031496063,NA,0,NA,0.2,0,NA,NA,0,0,NA,NA,0,0,0,NA,0.00503355704697987
"2014_31",NA,NA,NA,NA,0,NA,0,NA,0,0.0133333333333333,NA,NA,0.25,0,NA,NA,0,0,NA,NA,0.00327332242225859
"2014_32",NA,NA,NA,NA,0,NA,0,NA,0,0,NA,NA,0,0,NA,NA,0,0,0,NA,0.00429184549356223
"2014_33",NA,NA,NA,NA,NA,NA,0,NA,0,0,NA,NA,0,0,NA,NA,0,0,0,NA,0.00387596899224806
"2014_34",NA,NA,NA,NA,0,NA,0,NA,0,0,NA,NA,0,0,NA,NA,0,0,NA,NA,0.00176056338028169
"2014_35",NA,NA,NA,NA,0,NA,0,NA,NA,0,NA,NA,0,0,NA,NA,0,0,0,NA,0.0081799591002045
"2014_36",NA,0,NA,NA,0,NA,0,NA,0,0,NA,NA,0,0,NA,NA,0,0,NA,NA,0.00675675675675676
"2014_37",NA,0,NA,NA,NA,NA,0.0666666666666667,NA,0,0,NA,NA,0,0,0,NA,0,0,0.0238095238095238,NA,0.0119760479041916
"2014_38",NA,0,NA,NA,NA,NA,0,NA,0,0,NA,NA,0.0714285714285714,0,0,NA,0,0,0,NA,0.0179640718562874
"2014_39",0,0,NA,NA,NA,NA,0,0,0,0,NA,0,0,0,0,NA,0,0,0,0,0.00917431192660551
"2014_40",0,0.111111111111111,NA,NA,0.00588235294117647,NA,0,0,0,0,NA,0,0.142857142857143,NA,0,0,0,0,0.0347222222222222,0,0.013262599469496
"2014_41",0,0.0833333333333333,NA,0,0,0.00364963503649635,0.0227272727272727,0,0,0,0,0,0.0909090909090909,0,0,0,0,0.00460829493087558,0.0256410256410256,NA,0.0101394169835234
"2014_42",0.032258064516129,0,NA,0,0.0150753768844221,NA,0,0,0,0.0125786163522013,0.0222222222222222,0,0,0,0,0,0,0,0.0125786163522013,0.0048661800486618,0.0153329439252336
"2014_43",0.0277777777777778,0.0434782608695652,0,0.0625,0.013215859030837,0.00974817221770918,0,0,0,0,0,0,0.189189189189189,0,0,0,0,0,0.0465116279069767,0.00200400801603206,0.0170380078636959
"2014_44",0,NA,0,NA,0,NA,0.0192307692307692,0,0,0,0,0,0.147058823529412,0,0,0,0,0,0.0222222222222222,0.00221238938053097,0.0188235294117647
"2014_45",0,0,0,0,0,0.000855431993156544,0.0263157894736842,0,0,0.00641025641025641,0,0,0.157894736842105,0,0,0,0,0,0.0339805825242718,0.00709219858156028,0.02125
"2014_46",0,0,0,0,0,NA,0,0,0,0.0115606936416185,0.0136986301369863,0,0.0540540540540541,NA,0,0,0,0,0.0282485875706215,0,0.0325596184419714
"2014_47",0,0.107142857142857,0,0,0.00680272108843537,0.00195007800312012,0,0,0,0.00444444444444444,0.0131578947368421,0,0.0851063829787234,0,0,0,0,0,0.0524880708929789,0.00630914826498423,0.0213270142180095
"2014_48",NA,0.05,NA,0,0.00318471337579618,0.00244349419670128,0.0217391304347826,0,0,0.00398406374501992,0,0,0.1875,0,0,0,0,0,0.0852791878172589,0.0145985401459854,0.0247747747747748
"2014_49",0.0181818181818182,0,NA,0,NA,0.00484391819160388,0.018348623853211,0,0,NA,0.0166666666666667,0,0.172413793103448,0,0,0.0952380952380952,0,0,0.123354759718396,0.0144927536231884,0.0466363530371925
"2014_50",0.0521739130434783,0.138888888888889,0.08,0.0666666666666667,0,0.00987037037037037,0.0258620689655172,0,0,0.0176056338028169,0.0391032325338895,0.0588235294117647,0.4,NA,0.016304347826087,0,0,0.00835820895522388,0.116959064327485,0.0203703703703704,0.078525641025641
"2014_51",0.0685714285714286,0.333333333333333,0.08,NA,0.00987654320987654,0.0193877551020408,0.123809523809524,0,0,0.0456140350877193,0.0603715170278638,0,0.448314606741573,0,NA,0,0,0.00612745098039216,0.240700613940051,0.031163248858243,0.1021370582617
"2014_52",0.0825688073394495,0.25,NA,NA,0.0103199174406605,0.0385582988837056,0.34,0,0.125,0.047808764940239,0.0720720720720721,0.333333333333333,0.471642589620118,0,0.0268817204301075,0,0,0,0.299319727891156,0.0586912065439673,0.154682274247492
"2015_01",0.0909090909090909,0.333333333333333,0.212962962962963,0.6,0.0373831775700935,0.0444245529704471,0.234042553191489,0,0.12,0.0836363636363636,0.0494545454545455,0.111111111111111,0.613432835820895,NA,0.103004291845494,0.05,0,0,0.301003344481605,0.07981220657277,0.20905855530223
"2015_02",0.161993769470405,0.514705882352941,0.157142857142857,0.285714285714286,0.0262785005796728,0.064926805928205,0.426086956521739,0.235294117647059,0.108108108108108,0.170644287088032,0.0679824561403509,0.142857142857143,0.612072972344876,0,0.100840336134454,0.0746268656716418,0.024390243902439,0.00527780443335572,0.38437139561707,0.11005576158587,0.227121366570908
"2015_03",0.14387980556783,0.513538748832866,0.2,0.457142857142857,0.0428491930996105,0.113656690746474,0.559701492537313,0.354430379746835,0.166666666666667,0.153032721468476,0.132837498918966,0.11,0.668248051507963,0,0.132490536390258,0.166982922201139,0,0.0519779754341381,0.450566000728516,0.152088995638708,0.21701538217989
"2015_04",0.28245294754544,0.513538748832866,0.181451612903226,0.50625,0.026043961423606,0.147988765761425,0.563829787234043,0.376,0,0.227602905569007,0.154876555688203,0.338505747126437,0.598039215686274,0,0.190564893432681,0.15375,NA,0.0519055843408175,0.489782705099778,0.163616203217027,0.260740852125615
"2015_05",0.313243891155318,0.669871794871795,0.15380658436214,0.627906976744186,0.0527298480556271,0.189728214898849,0.5,0.412297734627832,0.242424242424242,0.19610538373425,0.194629398144998,0.26832298136646,0.582517482517482,0.0537634408602151,0.16036740520077,0.189699741499304,0.0218579234972678,0.0590434782608696,0.488077484269782,0.182398283310275,0.253390362327496
"2015_06",0.251944249015991,0.68523153942428,0.114130434782609,0.508005386802334,0.111830742659758,0.221598497644747,0.48,0.432900432900433,0.307692307692308,0.248127685696746,0.21394602963946,0.316872427983539,0.545387755102041,NA,0.17948717948718,0.204162649577497,0.0925170068027211,0.0769906323185012,0.518898801174512,0.199807435051933,0.269736477115118
"2015_07",0.274984871759065,0.607894736842105,0.196159122085048,0.57123595505618,0.156925667310454,0.266114448571857,0.505263157894737,0.376865671641791,0.225806451612903,0.285296923443835,0.210638245082993,0.311493018259936,0.532258064516129,0,0.137035378414689,0.278695747962106,0,0.103383458646617,0.529818555289284,0.224016639629945,0.264232712118358
"2015_08",0.268186942826923,0.342245989304813,0.189644416718653,0.433884297520661,0.163554696154853,0.207557520410468,0.469750889679715,0.407035175879397,0.267326732673267,0.301075268817204,0.192787081339713,0.192413793103448,0.419648965533511,0,0.112047043865226,0.179356028844541,0.211627906976744,0.126162018592297,0.480010320067444,0.202008909075028,0.225047882528197
"2015_09",0.211817910918684,0.33,0.115129151291513,0.325493376588267,0.146305914911152,0.127873194302639,0.496296296296296,0.351758793969849,0.288461538461538,0.255954048753152,0.147218287500611,0.269156054392402,0.385308050511964,0.0686440677966102,0.133333333333333,0.228856378587233,0.148211567732116,0.068342151675485,0.367318910630354,0.190438891409142,0.146339225079383
"2015_10",0.201537464110401,0.1875,0.115456238361266,0.244660194174757,0.147862232779097,0.0883267836386783,0.325581395348837,0.242424242424242,0.173913043478261,0.18140720718594,0.103014850599392,0.186069651741294,0.201026957637997,0.0321285140562249,0.101741984347387,0.142405063291139,0,0.0744,0.287569988801792,0.199129980823388,0.0969297156932007
"2015_11",0.140082574991574,0.16,0,0.2,0.134073155553789,0.0568605548893671,0.233830845771144,0.08,0.183333333333333,0.130288391157956,0.0887617192256179,0.128654970760234,0.134981528843421,0.0561033662019721,0.0418814432989691,0.130621384586677,0.0355297157622739,0.083345226202369,0.219952867242734,0.144481783989495,0.0870070997941152
"2015_12",0.0430848772081,0,0.0615942028985507,0.107843137254902,0.11146609110045,0.0216064129107607,0.184931506849315,0.166666666666667,0.142857142857143,0.0718276137270551,0.0750630782169891,0.148584905660377,0.106060606060606,0.0606060606060606,0.02,0.241095430107527,0.0797872340425532,0.0564323290291726,0.170537897310513,0.104116800566937,0.0550859397013243
"2015_13",0.0429155313351499,0,0.03,0.141414141414141,0.0932772188932522,0.0145508079978088,0.0441176470588235,0.113207547169811,0.0652173913043478,0.0617931034482759,0.0909090909090909,0.0666666666666667,0.140443274083827,0.0336134453781513,0.0183006535947712,0.141176470588235,0.0163934426229508,0.043115438108484,0.0877083072296705,0.0865631997713088,0.0397959183673469
"2015_14",0.0107296137339056,0,NA,NA,0.0782792885400118,0.0175449871465296,0.109090909090909,NA,0.116279069767442,0.0359281437125748,0.0429116338207247,0.108695652173913,0.0258620689655172,0,0.00943396226415094,0.226190476190476,NA,0.0262751159196291,0.0822093770070649,0.0902515743013743,0.021889400921659
"2015_15",0,0,NA,NA,0.0677710843373494,0.00680693069306931,0.0681818181818182,0,0.0263157894736842,0.034965034965035,0.0207253886010363,NA,0.032051282051282,0,0.0145631067961165,0.101449275362319,0,0.0146666666666667,0.0227272727272727,0.0868735680718134,0.0170940170940171
"2015_16",NA,0,0,0,0.0532933160285529,NA,0.0285714285714286,0,0,0.0174216027874564,0.00805369127516778,0,0.0697674418604651,0.0612244897959184,0.0208333333333333,0.1,0,0.0207547169811321,0.0272108843537415,0.0499745719613494,0.00812512695510867
"2015_17",NA,0,0,NA,0.0273069679849341,NA,0,0,0,0.00429184549356223,0,0,0.0816326530612245,0.06,0,0.0645161290322581,0,NA,0.0416666666666667,0.0490922689875569,0.00288350634371396
"2015_18",NA,NA,0,0,0.00812619502868069,NA,0,0,0,0,NA,0,0.0701754385964912,0,0.0204081632653061,0,0,NA,0.0364963503649635,0.0429040092028461,0.00315789473684211
"2015_19",NA,0,0,0,0,NA,0,0,0.0454545454545455,0,NA,0,0,NA,0.0392156862745098,0,0,NA,NA,0.0414595197203893,0.00330760749724366
"2015_20",NA,NA,0,NA,NA,NA,0,0,0.272727272727273,0,NA,0,0.0588235294117647,NA,0,0,0,NA,NA,0.00772797527047913,0.00339750849377123
"2015_21",NA,0,NA,NA,0,NA,0,NA,0,0.00602409638554217,NA,NA,0,0,0,0,0,NA,0,NA,0
"2015_22",NA,NA,NA,NA,0.00440334654337296,NA,0,NA,0,0,NA,NA,0,NA,0,0,0,0,0,NA,0.00355555555555556
"2015_23",NA,NA,NA,NA,0.0198529411764706,NA,0,NA,0.0625,0,NA,NA,0,0,NA,NA,0,0,0,NA,0.0037037037037037
"2015_24",NA,NA,NA,NA,0.0175953079178886,NA,0,NA,0,0,NA,NA,0,0,NA,NA,0,0,0.0930232558139535,NA,0.00479616306954436
"2015_25",NA,NA,NA,NA,0.0175438596491228,NA,0,NA,0,0,NA,NA,0,0,NA,NA,0,NA,0,NA,0.0124137931034483
"2015_26",NA,NA,NA,NA,0.0164835164835165,NA,0,NA,0,0,NA,NA,0,0,NA,NA,0,0,0,NA,0.00693481276005548
"2015_27",NA,NA,NA,NA,0.0137614678899083,NA,0.125,NA,0.142857142857143,0,NA,NA,0,0,NA,NA,0,0,NA,NA,NA
"2015_28",NA,NA,NA,NA,0,NA,0,NA,0,0.00917431192660551,NA,NA,0,0,NA,NA,0,0,NA,NA,NA
"2015_29",NA,NA,NA,NA,0,NA,0,NA,0,0,NA,NA,0,0,NA,NA,0,0,0,NA,0.0032626427406199
"2015_30",NA,NA,NA,NA,0,NA,0,NA,0,0,NA,NA,0,0,NA,NA,0,0,0,NA,0.00234741784037559
"2015_31",NA,NA,NA,NA,NA,NA,0.166666666666667,NA,0.222222222222222,0,NA,NA,0,0,NA,NA,0,0,0,NA,0.0100553041729512
"2015_32",NA,NA,NA,NA,NA,NA,0,NA,0,0,NA,NA,0.2,0,NA,NA,0,0,0,NA,0.00499168053244592
"2015_33",NA,NA,NA,NA,NA,NA,0,NA,0,0.00980392156862745,NA,NA,0,0,NA,NA,0,0,NA,NA,0.00505902192242833
"2015_34",NA,NA,NA,NA,NA,NA,0.125,NA,0,0,NA,NA,0,0,NA,NA,0,0,0,NA,0.00494233937397035
"2015_35",NA,NA,NA,NA,0,NA,0,NA,0,0,NA,NA,0,0,NA,NA,0,0,0,NA,0
"2015_36",NA,NA,NA,NA,0,NA,0.1,NA,0,0,NA,NA,0,0,NA,NA,0,0,NA,NA,NA
"2015_37",NA,NA,NA,NA,0,NA,0,NA,0,0,NA,NA,0,0,NA,NA,0,0,0,NA,0.0012987012987013
"2015_38",NA,NA,NA,NA,NA,NA,0,NA,0,0,NA,NA,0,0,0,NA,0,0,0,NA,NA
"2015_39",NA,0,NA,NA,NA,NA,0,NA,0,0.00632911392405063,NA,NA,0,0,0,NA,0,0,0,NA,NA
"2015_40",0,0,NA,NA,NA,NA,0.0227272727272727,0,0,0.00763358778625954,NA,0,0.210526315789474,NA,0,0,0,0,0,0.0107816711590297,0.00886917960088692
"2015_41",0,0,NA,NA,NA,0.0121129326047359,0.0169491525423729,0,0,NA,NA,0,0.0526315789473684,0,0,0,0,0.00515463917525773,0.0165289256198347,0.0108695652173913,0.0190308651847113
"2015_42",0,0,NA,NA,0,0,0.0151515151515152,0,0,0,NA,0,0.03125,0,0,0,0,0,0,0.0025531914893617,0.00352733686067019
"2015_43",0,0,NA,0,NA,NA,0,0,0,0,NA,0,0,0,0,0,0,0,0,0.00873362445414847,0.00297520661157025
"2015_44",NA,NA,0,0,0.00934579439252336,NA,0,0,0,0.0121212121212121,NA,0,0,0,0,0,0,0.0075,0,0.00446428571428571,0.00857922786949175
"2015_45",0,0,0,0,0,NA,0,0.0625,0,0,NA,0,0,NA,0.0111111111111111,0,0,0.018957345971564,0,0,0.00500417014178482
"2015_46",0,0,0,0,NA,0,0.0126582278481013,0,0,0,0,0,0,NA,0,0,0,0.048,0,0.00397501419647927,0.00477502295684114
"2015_47",0.0273972602739726,0,0,NA,0.0120845921450151,NA,0.0224719101123595,0,0,0.00344827586206897,0,0,0,0,0,0,0,0.0241379310344828,0,0.010703842940685,0.00165289256198347
"2015_48",0.0645161290322581,0,NA,0.105263157894737,0,NA,0,0,0,0,0.00680272108843537,0,0,NA,0,0,0,0,NA,0.0198635227349503,0.00285510349750178
"2015_49",0.0845070422535211,0,0,0,0,0,0.010752688172043,0,0,0.00328947368421053,0.0155038759689922,0,0.0149647887323944,NA,0.0087719298245614,0,0,0.0392156862745098,0.00603318250377074,0.0152671755725191,0.00751124503253417
"2015_50",0.0869565217391304,0,0,NA,0,0,0.010752688172043,0,0,0.00326797385620915,0.0133333333333333,0,0.0120481927710843,NA,0,0,0,NA,0,0.0289179104477612,0.00115908432338453
"2015_51",0.105105105105105,0,0,NA,0.0081799591002045,0.00297717499173007,0,0,0,0,0.00909090909090909,0.0555555555555556,0.00859375,0,0,0.037037037037037,0,0.0544747081712062,0.00336487907465825,0.00690878888553307,0.00383956785001854
"2015_52",0.0526315789473684,NA,0.0526315789473684,NA,0,0.0023598820058997,0,0,0.05,0,0.0212765957446809,0,0.00791855203619909,NA,0.018957345971564,0,0,0.0505415162454874,0.00485232067510548,0.01002701002701,0
"2015_53",0.0785478547854786,NA,0.0631578947368421,0.0909090909090909,0,0,0,0,0,0,0.0282051282051282,0,0.0063973063973064,NA,0,0.0232558139534884,0,0.051307847082495,0.0045522110739502,0.0049138558602281,0
"2016_01",0.0476190476190476,0,0,NA,0,0.00134989200863931,0,0,0,0.00522875816993464,0.026284348864994,0,0.00495049504950495,0,0.00267098826565829,0,0,0.105462898232298,0.0110056107034959,0.010140663872939,0.00559495196286806
"2016_02",0.0501508295625943,0,0.0582159624413146,0,0.00319906936164025,0.00455472467709041,0.0254237288135593,0.344902933019581,0,0,0.0254168908015062,0,0.00500847588226229,0,0.00683994528043776,0.0305555555555556,0,0.155412844036697,0.011735923101761,0.00845969672785315,0.00358308207013341
"2016_03",0.0239931448157669,0,0.0316715542521994,0.022,0.0153854920508291,0.00260084925690021,0.0352112676056338,0,0,0,0.0343563512361466,0,0,0,0,0.0266328471781864,0,0.23765713884402,0.0144116752812405,0,0.00504017681931792
"2016_04",0.0194657993297851,0,0.0214494637634059,0,0.0149448101811519,0.00263595849482302,0.0258064516129032,0,NA,0.00153638151425762,0.0791898271529734,0,0.00784294381689932,0,0.00189058253574383,0.0276794335371741,0,0.260374138277224,0.0116340181557573,0.00583834625822401,0.00338691468200634
"2016_05",0.00927627548787958,0,0.0951391109689799,0,0.0120471014492754,0.00210169636921229,0.00552486187845304,0,0,0.00151737640724425,0.0818850267379679,0,0.00511903794588446,0.00233532934131737,0,0.0199561403508772,0,0.233319140212266,0.014241111252708,0.00519861137763202,0.035918226805129
"2016_06",0.0231,0,0.0610401744004983,0,0.00734549735138317,0.00234597049490954,0.0155440414507772,0,0,0.00134680712349449,0.0920686698868745,0,0.00991218154943048,0.00141706161137441,0.00230607966457023,0.0287809656381306,0.024390243902439,0.188083262634832,0.0108692652004103,0.00751095011101217,0.00213178294573643
"2016_07",0.0328603435399552,0,0.168717948717949,0.0107871720116618,0.00788405797101449,0,0.00452488687782805,0,0.00719424460431655,0.00151252408477842,0.111255362384285,0,0,0,0.00243470562195662,0.0529965168136984,0.0128205128205128,0.224766459300087,0.00615822346945735,0.00887608404633025,0
"2016_08",0.0309523809523809,0,0.0951391109689799,0,0.0048997461633404,0.00245731815042642,0.00393700787401575,0,0.00763358778625954,0.013772699449092,0.114917471192775,0,0.00729788171224923,0,0.00530868586325394,0.0333204371796112,0,0.177770421253,0.0086984207845135,0.00757603140293933,0.00493061354328204
"2016_09",0.0202020202020202,0,0.212593998172746,0,0.00670391061452514,0.0014336917562724,0.0143884892086331,0,0,0.00487241153137396,0.0960496002168315,0,0,0,0.00211293730544041,0.0348837209302326,0.014957264957265,0.108150883671854,0.0137390519866181,0.00384855001105328,0.00650785708328866
"2016_10",0.0141570141570142,0,0.17381974248927,0.0122767857142857,0.0190240681970859,0.000725598938771596,0.013986013986014,0,0,0.00761743546339399,0.122419028340081,0,0.0173666489455963,0.00180998251372826,0.00780541994328646,0.100746268656716,0,0.0616594772900279,0.01772948884944,0.00752575598950036,0.00947741692683625
"2016_11",0.0288957688338493,0,0,0.0141176470588235,0.0120437581318907,0.000792781730257994,0.00409836065573771,0,0,0.00691609977324263,0.0970163257646838,0,0.00613512485739637,0,0.013938105362627,0.0258235622557231,0,0.0772295433650015,0.00772776896779797,0,0.0141460421758879
"2016_12",0.0126666666666667,0,0.345061728395062,0,0.0187298800117062,0.00189441658897931,0.0118343195266272,0,0.0133333333333333,0.00578325370882575,0.0661148783406462,0,0.0152406417112299,0,0.00861195542046606,0.0250554323725055,0,0.0314922480620155,0.00504984087740985,0,0.0120572276822277
"2016_13",0.0249110320284698,NA,0.295764362220058,0.0161290322580645,0.0140661630632977,0.00691023920676882,0.0150375939849624,0,0.0327868852459016,0.00654793085385018,0.0644444444444444,0,0.00661375661375661,0,0.0037917606066817,0.0411764705882353,0,0.0476923076923077,0.00747515609884795,0,0.0116413037359503
"2016_14",0.0126146788990826,0,0.197332607512248,0.0545454545454545,0.0340425531914894,0.00392999735681594,0.0075187969924812,0,0,0.0183673469387755,0.0543629343629344,0.0212765957446809,0.0297619047619048,0,0,0.0316455696202532,0,0.0191780821917808,0.0149905796903585,0,0.00584751157095232
"2016_15",NA,0,NA,0,0.0140503875968992,0.00247417579018989,0.0117647058823529,0,0.0465116279069767,0.00347222222222222,0.0657894736842105,0,0.025,0,0.0247005988023952,0.0470588235294118,0,0.0242424242424242,0.00746268656716418,NA,0.00494051715662177
"2016_16",NA,0,0.0832420591456736,0,0,0,0,NA,0,0,0.0203252032520325,0,0.0434782608695652,0,0.00777777777777778,0.0142857142857143,NA,NA,0.00332225913621262,NA,0.0123167507810622
"2016_17",NA,0,0.189189189189189,0,0,0.0047941342357586,0,0,0.0256410256410256,0,NA,0,0,0,0.00974025974025974,0,0,NA,0.00946745562130177,NA,0.00463169642857143
"2016_18",NA,0,NA,NA,0.0168067226890756,0,0,0,0,0.0230414746543779,NA,0,0,0,0.0181818181818182,0,NA,0,0.0182509505703422,NA,0.00345753150448114
"2016_19",NA,0,NA,0,NA,0,0,0,0.05,0.00896860986547085,NA,0,0.0789473684210526,0,0,0,0,0,0.0223214285714286,NA,0.0260707635009311
"2016_20",NA,NA,0.111111111111111,NA,NA,0,0,0,0.0714285714285714,0,NA,NA,0,0,0.0151515151515152,0,0,0,0,NA,0.0184281842818428
"2016_21",NA,NA,NA,NA,NA,NA,0,NA,0,0,NA,NA,0,0,NA,0,0,0,NA,NA,0.00481651376146789
"2016_22",NA,0,NA,NA,NA,NA,0,NA,0,0.00505050505050505,NA,NA,0,NA,0,0,0,0,NA,NA,0.0137994480220791
"2016_23",NA,NA,NA,NA,0,NA,0,NA,0,0.00523560209424084,NA,NA,0.125,0,0,0,0,NA,0,NA,0.00437158469945355
"2016_24",NA,NA,NA,NA,0.00691244239631336,NA,0.0625,NA,0.0833333333333333,0,NA,NA,0,0,0,0,0,0,0,NA,0.0011037527593819
"2016_25",NA,NA,NA,NA,0,NA,0,NA,0,0,NA,NA,0.125,NA,NA,0,0,0,0,NA,0.00100908173562059
"2016_26",NA,NA,NA,NA,NA,NA,0.0666666666666667,NA,0,0.00571428571428571,NA,NA,0.0714285714285714,0,0,NA,0,0,0,NA,0.00124254473161034
"2016_27",NA,NA,NA,NA,0,NA,0,NA,0,0.0125786163522013,NA,NA,0,NA,0,NA,0,0,0,NA,0.00392156862745098
"2016_28",NA,0,NA,NA,0,NA,0,NA,0,0,NA,NA,0,0,NA,NA,0,0,0,NA,0.000954198473282443
"2016_29",NA,NA,NA,NA,NA,NA,0.0526315789473684,NA,0,0.00819672131147541,NA,NA,0.0555555555555556,0,NA,NA,0,0,0,NA,0.00418410041841004
"2016_30",NA,NA,NA,NA,0,NA,0,NA,0,0.00657894736842105,NA,NA,0,NA,NA,NA,0,0,0,NA,0.00881858902575588
"2016_31",NA,NA,NA,NA,NA,NA,0,NA,0,0,NA,NA,0,0,NA,NA,0,0,0,NA,0.00913520097442144
"2016_32",NA,NA,NA,NA,NA,NA,0,NA,0,0,NA,NA,0,0,NA,NA,0,0,0,NA,0.0126728110599078
"2016_33",NA,NA,NA,NA,NA,NA,0,NA,0,0,NA,NA,0.111111111111111,0,NA,NA,0,0,0,NA,0.0111940298507463
"2016_34",NA,NA,NA,NA,0,NA,0.0769230769230769,NA,0,0.0206896551724138,NA,NA,0.166666666666667,0,NA,NA,0,0,0,NA,0.0045662100456621
"2016_35",NA,NA,NA,NA,0,NA,0,NA,0,0,NA,NA,0.1875,0.0909090909090909,0,NA,0,0,0,NA,0.00316330565440886
"2016_36",NA,NA,NA,NA,NA,NA,0.0625,NA,0,0.00684931506849315,NA,NA,0.25,0,NA,NA,0,0,0,NA,0.00568181818181818
"2016_37",NA,NA,NA,NA,NA,NA,0.0625,NA,0.12962962962963,0.0108108108108108,NA,NA,0.0833333333333333,0,0,NA,0,NA,0,NA,0.00507399577167019
"2016_38",NA,NA,NA,NA,NA,NA,0,NA,0.0422535211267606,0,NA,NA,0.1,NA,0,NA,0,0,0,NA,0.00301810865191147
"2016_39",NA,NA,NA,NA,NA,NA,0,NA,0.0666666666666667,0.0273972602739726,NA,NA,0.125,0,0,NA,0,0,0,NA,0.0072992700729927
"2016_40",0,0,NA,0,0.0144404332129964,0.0112165660051769,0,0,0,NA,NA,0,0.0384615384615385,0,0,0,0,0,0.0161290322580645,NA,0.00862619808306709
"2016_41",0,0,NA,NA,0,0.0114942528735632,0,0,0,0.00446428571428571,NA,0,0.107142857142857,0,0,0,0,0,0.0574712643678161,NA,0.00768662232076866
"2016_42",0.0172413793103448,0,0,NA,0.00544959128065395,0.0104651162790698,0,0,0,0.0101694915254237,NA,0,0.0769230769230769,0,0.0161290322580645,0,0,0,0.0591397849462366,0.00719424460431655,0.0145985401459854
"2016_43",0,0,0,0,0.0217391304347826,0.00963081861958266,0.0227272727272727,0,0,0.00647249190938511,NA,0,0.0434782608695652,0,0.0294117647058824,0.1,0,0,0.0526315789473684,NA,0.00911854103343465
"2016_44",NA,0,0,0.0526315789473684,0.00431965442764579,0.019907100199071,0,0,0,0.00649350649350649,NA,0,0.0909090909090909,NA,0.0697674418604651,0,0,0.005,0.0780487804878049,0.0124804992199688,0.0190088255261371
"2016_45",0,0,0,0,0.00748440748440748,0.0217252396166134,0.0173913043478261,0,0,0.0176991150442478,NA,0,0.0563380281690141,NA,0.0857142857142857,0.0833333333333333,0,0,0.170454545454545,NA,0.0206812652068127
"2016_46",NA,0,0,0.0526315789473684,0.00909090909090909,0.0275137568784392,0.0507246376811594,0,0,0.0428571428571429,0.0571428571428571,0.142857142857143,0.254545454545455,0,0.200134770889488,0.25,0,0.00843881856540084,0.27891156462585,0.0644820295983087,0.039665374413385
"2016_47",0.0373134328358209,0.285714285714286,0,0,0.0327022375215146,0.0352536543422184,0.0503597122302158,0,0,0.0198300283286119,0.0886075949367089,0.428571428571429,0.0774647887323944,0,0.27363184079602,0.142857142857143,0,0.013840830449827,0.375500515995872,0.0859766277128548,0.0343800702388532
"2016_48",0.0440251572327044,0.0714285714285714,0,0.0909090909090909,0.0402010050251256,0.0520516717325228,0.0143884892086331,0,0.0588235294117647,0.0833333333333333,0.170138888888889,0,0.106145251396648,0,0.391891891891892,0.5,0.0294117647058824,0.0029673590504451,0.521225914125322,0.133382461311717,0.0761124121779859
"2016_49",0.0925925925925926,NA,0.333333333333333,0.266666666666667,0.0670470756062767,0.0930170987313844,0.0930232558139535,0.266666666666667,0.0535714285714286,0.160714285714286,0.221285563751317,0.529411764705882,0.200787401574803,NA,0.439443285328991,0.5,0.0967741935483871,0.00598802395209581,0.698950193385429,0.187700534759358,0.144153764014949
"2016_50",0.222571428571429,0.2,0.440495867768595,0.414634146341463,0.0988249845392702,0.182310220525869,0.133720930232558,0,0.12280701754386,0.233788395904437,0.301587301587302,NA,0.216780176785973,0.109090909090909,0.412103746397694,0.575,0.0416666666666667,0.0167597765363128,0.636363636363636,0.221672847136382,0.22287748868362
"2016_51",0.348341232227488,0.571428571428571,0.460869565217391,0.470588235294118,0.146198830409357,0.250322768915143,0.294871794871795,0.514285714285714,0.220779220779221,0.298932384341637,0.391120344721453,0.551020408163265,0.370613150463897,NA,0.488986484956874,0.555555555555556,0.189189189189189,0.0833333333333333,0.719376391982183,0.304111936036551,0.320551084777738
"2016_52",0.425884773662551,0.576923076923077,0.527586206896552,0.44,0.218258132214061,0.280752849805837,0.355932203389831,0.379310344827586,0.247311827956989,0.421818181818182,0.447681934108933,0.678571428571428,0.48828044449536,0.173913043478261,0.436038514442916,0.688524590163934,0.314285714285714,0.154786150712831,0.787422031842142,0.337878036688151,0.394391677973768
"2017_01",0.342774146695715,0.727272727272727,0.444267515923567,0.468468468468468,0.167124194459046,0.234292341894104,0.299465240641711,0.328571428571429,0.166666666666667,0.408156265541665,0.414755351681957,0.442307692307692,0.615589757811056,0.461111111111111,0.333727810650888,0.513513513513514,0.282608695652174,0.254681647940075,0.750245338567223,0.233067729083665,0.499840685443172
"2017_02",0.424907810928595,0.581818181818182,0.554029391989242,0.463157894736842,0.224151427460368,0.23996253114231,0.373390557939914,NA,0.198412698412698,0.28145067990141,0.424754236346022,0.490196078431373,0.635275307170365,0.47887323943662,0.248573198430725,0.466666666666667,0.390243902439024,0.345424567188788,0.73336897664327,0.198639099712117,0.527706422018349
"2017_03",0.378347969526207,0.55,0.468085106382979,0.489583333333333,0.248914616497829,0.211317723296087,0.498327759197324,0.409007912355447,0.308270676691729,0.250388802488336,0.414319389508171,0.453125,0.660416666666667,0.627039627039627,0.179411764705882,0.425742574257426,0.523809523809524,0.29607250755287,0.650993769782966,0.196065989847716,0.501699535032868
"2017_04",0.397519293091791,0.657894736842105,0.656133167171088,0.536585365853659,0.260515320334262,0.22729248152977,0.504322766570605,0.439625223707759,0.246913580246914,0.172113289760349,0.475071296203824,0.36734693877551,0.74609375,0.550098231827112,0.150390625,0.382352941176471,0.360655737704918,0.273415977961433,0.631813003855591,0.219966159052453,0.546242774566474
"2017_05",0.321554381329811,0.732394366197183,0.416337085488287,0.472527472527473,0.292038920831491,0.218297113612796,0.547222222222222,0.377760580986964,0.27810650887574,0.157458563535912,0.356807511737089,0.371428571428571,0.796428571428571,0.487244897959184,0.0923076923076923,0.366666666666667,0.577319587628866,0.238520408163265,0.494028335785423,0.239520958083832,0.507213706041479
"2017_06",0.30983606557377,0.590163934426229,0.472222222222222,0.376102941176471,0.278604412519241,0.151860884536494,0.5249343832021,0.425061091501493,0.333333333333333,0.120343839541547,0.255134788189987,0.317333333333333,0.765816872232978,0.434426229508197,0.0688622754491018,0.251851851851852,0.459770114942529,0.157446808510638,0.451076320939335,0.212667001048744,0.41016333938294
"2017_07",0.164251207729469,0.64,0.32390243902439,0.212765957446809,0.264885899762598,0.122816360473993,0.475920679886686,0.135520949202818,0.263157894736842,0.137931034482759,0.166910267161855,0.305555555555556,0.771052631578947,0.398843930635838,0.0542635658914729,0.2,0.270588235294118,0.16003879728419,0.35865504358655,0.264868001160429,0.330989452536414
"2017_08",0.12135152284264,0.586206896551724,0.325,0.149253731343284,0.222037467723918,0.0635900952930985,0.373737373737374,0.113871635610766,0.383333333333333,0.113314447592068,0.0928853754940711,0.0769230769230769,0.736842105263158,NA,0.0185185185185185,0.0789473684210526,0.362862862862863,0.0606451612903226,0.27553884538083,0.244462025316456,0.325113676110528
"2017_09",0.104529616724739,0.294117647058824,0.221525600835946,0.121212121212121,0.146206896551724,0.0442829960214496,0.29951690821256,0.246305418719212,0.258064516129032,0.0580645161290323,0.0481049562682216,0.214285714285714,0.656977704376548,0.335195530726257,0.027027027027027,0,0.181818181818182,0.0234741784037559,0.185185185185185,0.201516477107028,0.260198456449835
"2017_10",0.047808764940239,0.4,0.236220472440945,0.0714285714285714,0.114896988906498,0.026917251824315,0.177083333333333,0.121621621621622,0.271186440677966,0.0486111111111111,0.0350765306122449,0.0769230769230769,0.642276422764228,0.226415094339623,0.0114285714285714,0,0.0909090909090909,0.0221774193548387,0.140161725067385,0.151785714285714,0.142394418836427
"2017_11",0.0135869565217391,0.2,0.150537634408602,NA,0.089622641509434,0.0185395999349488,0.0733333333333333,0.0754716981132075,0.293478260869565,0.03125,0.0228013029315961,NA,0.517241379310345,0.131868131868132,NA,0,0,NA,0.123076923076923,0.140795631825273,0.0980597797587834
"2017_12",0,0,0.0779220779220779,0,0.0517448856799037,0.0103576854025687,0.079646017699115,0,0.297872340425532,0.0378151260504202,0.016,NA,0.322033898305085,NA,0.00934579439252336,NA,0.0540540540540541,0.0097799511002445,0.0673758865248227,0.123725671918443,0.0783713422888681
"2017_13",0.0125,NA,NA,0,0.0363636363636364,0.00355871886120996,0.0119047619047619,0.1,0.364583333333333,0.0210970464135021,0.005,NA,0.297297297297297,0,0,0,0.0555555555555556,0.00940438871473354,0.0334728033472803,NA,0.0616693248272196
"2017_14",0,NA,0,0,0.0263157894736842,NA,0.0555555555555556,NA,0.31858407079646,0.00816326530612245,0.00552486187845304,NA,0.214285714285714,0,0.0163934426229508,0,NA,0,0.0526315789473684,0.0971112476951444,0.0439110070257611
"2017_15",NA,0,0,0,0.0156657963446475,0,0.0208333333333333,0.5,0.164556962025316,0.004149377593361,0,NA,0.2,0,0.0142857142857143,0,0,0,0.0111731843575419,NA,0.0276243093922652
"2017_16",NA,NA,0,0,0.00512820512820513,NA,0.032258064516129,0,0.0967741935483871,0.0231481481481481,0,NA,0.0588235294117647,0,0,0,NA,NA,0.0220994475138122,NA,0.0230286113049546
"2017_17",NA,0,0,0,NA,NA,0.0178571428571429,0,0.27027027027027,0.0108695652173913,0,NA,0,0,0,0,0,0,0,NA,0.0235457063711911
"2017_18",NA,NA,0,0,NA,NA,0,0,0.120689655172414,0.00552486187845304,NA,NA,0.166666666666667,0,0,0,0,0,0,NA,0.0239167343323245
"2017_19",NA,NA,0,NA,0.00615384615384615,NA,0,0,0.024390243902439,0,NA,NA,0.2,0,0,0,0,0,NA,NA,0.0186606952441885
"2017_20",NA,0,0,0,NA,NA,0.0434782608695652,0,0.05,0.00411522633744856,NA,NA,0.214285714285714,0,0,0,0,NA,0,NA,0.0221031480241125
"2017_21",NA,NA,NA,NA,0,NA,0,NA,0,0,NA,NA,0,NA,0,NA,NA,0,0.00714285714285714,NA,0.00544747081712062
"2017_22",NA,NA,NA,NA,NA,NA,0.0277777777777778,NA,0.0540540540540541,0,NA,NA,0.2,0,0,NA,0,NA,0.0136986301369863,NA,0.0100806451612903
"2017_23",NA,NA,NA,NA,0,NA,0,NA,0,0.00529100529100529,NA,NA,0.142857142857143,0,NA,NA,0,0,0,NA,0
"2017_24",NA,NA,NA,NA,NA,NA,0.025,NA,0.0434782608695652,0,NA,NA,0,0,NA,NA,0,0,0.00826446280991736,NA,0.00381679389312977
"2017_25",NA,NA,NA,NA,0,NA,0,NA,0,0,NA,NA,0,0,NA,NA,0,0,0.0341880341880342,NA,0.00689655172413793
"2017_26",NA,NA,NA,NA,NA,NA,0,NA,0,0,NA,NA,0,NA,NA,NA,0,NA,0.00925925925925926,NA,0.0078740157480315
"2017_27",NA,NA,NA,NA,NA,NA,0,NA,0,0.0168539325842697,NA,NA,0.111111111111111,0,NA,NA,0,0,0,NA,0.00743494423791822
"2017_28",NA,NA,NA,NA,0,NA,0,NA,0,0.0130718954248366,NA,NA,0.285714285714286,NA,NA,NA,0,0,0,NA,NA
"2017_29",NA,NA,NA,NA,NA,NA,0,NA,0,0,NA,NA,0.25,0,NA,NA,0,0,0.0120481927710843,NA,0.00380228136882129
"2017_30",NA,NA,NA,NA,NA,NA,0,NA,0.0526315789473684,0.0215827338129496,NA,NA,0,0,NA,NA,0,0,0.05,NA,0.0115830115830116
"2017_31",NA,NA,NA,NA,0,NA,0.037037037037037,NA,0,0,NA,NA,NA,0,NA,NA,0,0.0112359550561798,0,NA,0.00862068965517241
"2017_32",NA,NA,NA,NA,NA,NA,0,NA,0,0,NA,NA,0.6,0,NA,NA,0,0,0.0136986301369863,NA,0
"2017_33",NA,NA,NA,NA,NA,NA,0,NA,0,0.0078740157480315,NA,NA,0,0,NA,NA,0,0,NA,NA,0.0169491525423729
"2017_34",NA,NA,NA,NA,NA,NA,0,NA,0,0.00769230769230769,NA,NA,0,0,NA,NA,0,0,0,NA,0.0169491525423729
"2017_35",NA,NA,NA,NA,0,NA,0,NA,0,0.00813008130081301,NA,NA,0,0,NA,NA,0,0,NA,NA,0.0136986301369863
"2017_36",NA,NA,NA,NA,0,NA,0,NA,0.032258064516129,0,NA,NA,0,0,NA,NA,0,0,NA,NA,0.00625
"2017_37",NA,0,NA,NA,NA,NA,0,NA,0.0961538461538462,0,NA,NA,0,0,NA,NA,0,0,0.0384615384615385,NA,0.010752688172043
"2017_38",NA,NA,NA,NA,NA,NA,0,NA,0.0204081632653061,0.0171673819742489,NA,NA,0.0454545454545455,0,NA,NA,0,0,0,NA,0
"2017_39",NA,0,NA,NA,0,NA,NA,NA,0.0163934426229508,0.0155642023346304,NA,NA,0,0,NA,NA,0,0,0,NA,NA
"2017_40",0,0,0,0,0.00467289719626168,NA,0,0,0.0256410256410256,0.0132890365448505,NA,0,0.0909090909090909,0,0,0,0,0.0050251256281407,0.0277777777777778,NA,0.0318016614745587
"2017_41",0,0,0,0,0.00412371134020619,0.00284033272469061,0.0288461538461538,0,0,0.0171821305841924,NA,0,0.2,0,0,0,0,0,0.00411522633744856,NA,0.0255226057365095
"2017_42",0,0,0.666666666666667,0,NA,0.0019020446980504,0,0,0,0.0142857142857143,NA,0,0.107142857142857,0,0,0,0,0,0.0118343195266272,NA,0.0220385674931129
"2017_43",0,0,0,0.0833333333333333,0.00281954887218045,0.00553824852890273,0,0,0.0222222222222222,0.00666666666666667,NA,0,0.15,0,0.0131578947368421,0,0,0,0.0404040404040404,NA,0.0202429149797571
"2017_44",0,0,0,0,0.00946969696969697,0,0.0147058823529412,0,0.0294117647058824,0.00680272108843537,NA,NA,0.117647058823529,0,0,0,0,0,0.0220994475138122,NA,0.0225747406955461
"2017_45",0,NA,0,0,0,0.0028312570781427,0.00892857142857143,0,0,0.018018018018018,NA,0,0.173076923076923,NA,0,0,0,0,0.035437430786268,NA,0.0265312310491207
"2017_46",NA,0,0,0,0,0.00485201358563804,0,0,0.0731707317073171,0.00537634408602151,0,0,0.130434782608696,0,0.00684931506849315,0,0,0,0.0318021201413428,NA,0.0427488505032932
"2017_47",0.0161290322580645,0,0,0,0.00898203592814371,0.00990547197443749,0,0,0,0.00982800982800983,0,0,0.228571428571429,NA,0.0117647058823529,0,0.05,0,0.0363636363636364,0.0369297610427227,0.0642512213718901
"2017_48",0.0133333333333333,0,0,0,0.00449101796407186,0.00252206809583859,0.020979020979021,0,0.0666666666666667,0.0145631067961165,0.00461254612546125,0,0.0975609756097561,0,0.0186046511627907,0,0,0.0285714285714286,0.053475935828877,0.011986301369863,0.0923561457269322
"2017_49",0.0109489051094891,0,0.00917431192660551,0,0,0.0100228943388009,0.0277777777777778,0,0.0307692307692308,0.0471014492753623,0.0132450331125828,0,0.132075471698113,0,0.0213675213675214,0,0.027027027027027,0,0.079646017699115,0.0299043062200957,0.153214661690114
"2017_50",0.0291882031012466,0,0.0495283018867924,0.0833333333333333,0.021319985168706,0.00763293310463122,0.00735294117647059,0,0.0625,0.0808270676691729,0.0169272363935582,0,0.131147540983607,0.0697674418604651,0.0258717660292463,0.166666666666667,0,0,0.0782761011568076,0.0275193798449612,0.245430923252904
"2017_51",0.0358868184955141,0,0.0509803921568627,0,0.0292540224280839,0.0173525543748239,0.00847457627118644,0,0.122222222222222,0.0813496975913416,0.0100806451612903,0,0.0892857142857143,NA,0.0313953488372093,0,0,0.0445912469033856,0.159132420091324,0.0421936327954645,0.394575531237859
"2017_52",0.0153284671532847,0.1,0.0878787878787879,0,0.0299,0.0230156092485567,0.015625,0,0.112068965517241,0.117828773168579,0.011566265060241,0,0.108108108108108,NA,0.0265582655826558,0,0,0.0394736842105263,0.195169316162077,NA,0.430504142011834
"2018_01",0.0277056277056277,0,0.0820846905537459,0.0212765957446809,0.0244106686764644,0.0177328209335026,0.0169491525423729,0,0.122699386503067,0.14837343547691,0.00817975297921335,0,0.0784449045318611,0.170666666666667,0.0345102387304667,0,0.15,0.00632763065385517,0.188215016835233,NA,0.44492704178039
"2018_02",0.0365321215361312,0.0263157894736842,0.091820580474934,0,0.020052358937225,0.0124862821607121,0.014018691588785,0.0467836257309941,0.0395480225988701,0.112637443498371,0.00784218927965539,0.0689655172413793,0.0694276744747646,NA,0.0407914959016393,0.021875,0.0344827586206897,0.0330634278002699,0.174703622382707,0.043213828425096,0.394969891954654
"2018_03",0.0356594250603467,0,0.0918367346938776,0,0.0333418573086531,0.0191928057359673,0.0199335548172757,0.0196078431372549,0.0555555555555556,0.142943780016951,0.0100993476569513,0.03125,0.0584185680566483,0.074,0.039219606275137,0.0602836879432624,0,0.0188275566966196,0.165494659903189,0.049359575132771,0.343136225489167
"2018_04",0.0147288343099597,0.138888888888889,0.141666666666667,0,0.0279614901632482,0.0153753316855827,0.0146198830409357,0,0.036144578313253,0.148881554822149,0.0102663867326695,0.0405405405405405,0.0510773456949094,0.0271428571428571,0.0586163086163086,0.0246478873239437,0.0222222222222222,0.0150785340314136,0.185665575836416,0.0227230569467631,0.36028251932124
"2018_05",0.0201737245883119,0.0253968253968254,0.0072992700729927,0.0106382978723404,0.0310600052868094,0.0147166827953273,0.00744416873449132,0.0442477876106195,0.0909090909090909,0.108476084538376,0.00501085260801736,0.0411764705882353,0.0523076923076923,0.0436507936507936,0.055088922659876,0.0119712689545092,0,0,0.168587218531366,0.0451176736818285,NA
"2018_06",0.0130515130515131,0.036979969183359,0.0421875,0.025297619047619,0.032073467429668,0.0166663669873236,0.0412371134020619,0.009765625,0.106918238993711,0.115840621963071,0.00480006678353786,0.0116959064327485,0.082256169212691,0,0.0741012909632572,0.0114224137931034,0,0.0135903614457831,0.178660450003338,0.079158560311284,NA
"2018_07",0.0213675213675214,0.0471698113207547,0.0810958904109589,0.0202380952380952,0.0357007377464592,0.0154616701581259,0.0187353629976581,0.0135658914728682,0.0517241379310345,0.142990301045472,0.00835332447775201,0,0.0539167486070141,0,0.0951349535420332,0.0205814252636995,0,0.0313513513513514,0.267131976180584,0.0833775889537971,NA
"2018_08",0.0132670427895633,0,0.123978201634877,0.00694444444444444,0.033420701857154,0.0210122164048866,0.0166666666666667,0.00985915492957747,0.0784313725490196,0.138931943074539,0.00911281489594743,0.0139625080801551,0.0671595038215762,0,0.102562364425163,0.0240938613031636,0,0.00541616885702907,0.317630238633619,0.047428869099298,NA
"2018_09",0.0121652696387508,0.0332225913621262,0.0700664238268695,0.0413385826771654,0.0507340919524795,0.0359393130134325,0.0180995475113122,0.00714285714285714,0.0583941605839416,0.110701634552762,0.00868668042335086,0,0.1531796841656,0.00632727272727273,0.0898055245881333,0.034,0.00578034682080925,0.0047800404166019,0.295678230364451,0.0623311115114394,NA
"2018_10",0.0174987133299022,0,0.118343195266272,0.0340975896531452,0.0643701282373648,0.0287176778988089,0.0169491525423729,0,0.0363636363636364,0.125733551339088,0.0033234126984127,0.0296610169491525,0.163067216694977,0.00718669250645995,0.111830015313936,0.0136577708006279,0,0,0.315854051184768,0.0934544780270721,NA
"2018_11",0.0235910878112713,0.0930232558139535,0.113074204946996,0.0138888888888889,0.0678200214095791,0.0287304408987552,0.0142857142857143,0,0.089171974522293,0.102719033232628,0.00486111111111111,0.0136986301369863,0.113192471590909,0,0.158248081841432,0.0575757575757576,0,0.00535645472061657,0.332773387671256,0.0965247058143233,NA
"2018_12",0.0241833962764195,0.118226600985222,0.113074204946996,0.0166666666666667,0.0802775169611966,0.0164161055030106,0.03125,0,0.0387096774193548,0.0928463768115942,0.00311850311850312,0.0412371134020619,0.101142379492895,0,0.120692539310806,0.056390977443609,0,0,0.253260757933655,0.129821260583255,0.507748875653337
"2018_13",0.0403348554033486,0.228571428571429,0.152380952380952,0.0260047281323877,0.0865616339779217,0.0212400279043302,0.0451612903225806,0,0.0714285714285714,0.0833215727229106,0.0129770992366412,0.152173913043478,0.0961791831357049,0,0.0810241451952682,0.0454545454545455,0.037037037037037,0.00484764542936288,0.316570840127006,0.17199148029819,0.432349219261971
"2018_14",0,NA,0.221590909090909,0.115384615384615,0.0694103986582376,0.0245169726270151,0.0412371134020619,0.0666666666666667,0.0632911392405063,0.0719518576661434,0.00497512437810945,0.0526315789473684,0.226860254083485,0,0.065854913393929,0.2,0,0.0146862483311081,0.207807243654157,0.0919254658385093,0.419888364426463
"2018_15",0.00529100529100529,NA,0.16591726618705,0.0384615384615385,0.0619529206625981,0.016746554567281,0.00970873786407767,0,0.0571428571428571,0.0410402565016031,NA,0.285714285714286,0.318700614574188,0,0.0796812749003984,NA,0.0208333333333333,0,0.22108843537415,0.0653465346534653,0.326805439422611
"2018_16",NA,NA,0.136363636363636,0,0.0526489597584564,0.0144611536858306,0.0121951219512195,0,0.0566037735849057,0.0352410077180719,NA,0.142857142857143,0.0893617021276596,0,0.0609137055837563,0.05,0,0,0.280877742946708,0.113939899833055,0.192983065566652
"2018_17",NA,NA,0.0638297872340425,0,0.0323624595469256,0.0076960076960077,0,0,0.0571428571428571,0.016728624535316,NA,0,0,0,0.0283687943262411,NA,0,NA,0.20968137254902,NA,0.0758272058823529
"2018_18",NA,0,0.0588235294117647,0,0.0113031914893617,0.00582362728785358,0.0454545454545455,0,0.117647058823529,0.041522491349481,NA,0,NA,0,0.0194174757281553,0,0,NA,0.15307917888563,NA,0.0562610329707876
"2018_19",NA,NA,0,0,0,NA,0,0,0.0625,0.0155642023346304,NA,0,0,0,0.0317460317460317,0,0,0,0.115303983228512,NA,0.0439454470312715
"2018_20",NA,NA,NA,0,0.0169491525423729,0,0,NA,0.104477611940299,0.0143129770992366,NA,NA,0.0714285714285714,NA,0,0,0,0,0.0630252100840336,NA,0.0408773678963111
"2018_21",NA,NA,NA,NA,NA,NA,0,NA,0.0222222222222222,0.00338983050847458,NA,NA,NA,0,NA,NA,0,0,0.0612244897959184,NA,0.00221975582685905
"2018_22",NA,NA,NA,NA,0.00589970501474926,NA,0,NA,0.0444444444444444,0.0032258064516129,NA,NA,0.333333333333333,0,0,NA,0,0,0.0203252032520325,NA,0.00297619047619048
"2018_23",NA,NA,NA,NA,NA,NA,0,NA,0.0238095238095238,0,NA,NA,0,0,NA,NA,0,0,0.0116731517509728,NA,0.00528541226215645
"2018_24",NA,NA,NA,NA,0,NA,0,NA,0.0384615384615385,0,NA,NA,NA,0,NA,NA,0,0,0.0191082802547771,NA,0.00294811320754717
"2018_25",NA,NA,NA,NA,NA,NA,0,NA,0,0,NA,NA,0.117647058823529,0,NA,NA,0,0,0,NA,0.00177777777777778
"2018_26",NA,NA,NA,NA,0,NA,0,NA,0,0,NA,NA,0,0,NA,NA,0,0,0.00857142857142857,NA,0
"2018_27",NA,NA,NA,NA,0,NA,0,NA,0,0.00510204081632653,NA,NA,0,0,NA,NA,0,0,NA,NA,0
"2018_28",NA,NA,NA,NA,NA,NA,0,NA,0,0,NA,NA,0,0,NA,NA,0,0,0,NA,0
"2018_29",NA,NA,NA,NA,NA,NA,0.0588235294117647,NA,0,0,NA,NA,0,0,NA,NA,0,0,NA,NA,0.00214899713467049
"2018_30",NA,NA,NA,NA,NA,NA,0,NA,0,0,NA,NA,0,0,NA,NA,0,0,0,NA,0
"2018_31",NA,NA,NA,NA,NA,NA,0,NA,0,0,NA,NA,NA,0,NA,NA,0,0,0,NA,0.003125
"2018_32",NA,NA,NA,NA,0,NA,0,NA,0,0,NA,NA,0,0,NA,NA,0,0,0,NA,NA
"2018_33",NA,NA,NA,NA,0,NA,0,NA,0,0.00598802395209581,NA,NA,0,0,NA,NA,0,0,0,NA,0
"2018_34",NA,NA,NA,NA,0,NA,0,NA,0,0,NA,NA,NA,0,NA,NA,0,0,0,NA,0.00418410041841004
"2018_35",NA,NA,NA,NA,NA,NA,0,NA,0,0.0105263157894737,NA,NA,NA,0,NA,NA,0,0,NA,NA,0.00124223602484472
"2018_36",NA,NA,NA,NA,0,NA,0,NA,0,0,NA,NA,NA,0,NA,NA,0,0,0,NA,0.00145560407569141
"2018_37",NA,NA,NA,NA,0,NA,0,NA,0,NA,NA,NA,0,0,NA,NA,0,0,0.0235294117647059,NA,0
"2018_38",NA,NA,NA,NA,NA,NA,0.0277777777777778,NA,0,NA,NA,NA,NA,NA,NA,NA,0,0,0,NA,0.00138312586445367
"2018_39",NA,NA,NA,NA,NA,NA,NA,NA,0,NA,NA,NA,0,0,NA,NA,0,0,0,NA,0.00308641975308642
